product_name,brand,ratings,num_of_reviews,old_price,product_price
Vaseline Lip Therapy Lip Balm Mini Original - 0.25 oz,Vaseline,4.0,222.0,0.0,2.99
Plan B One-Step Emergency Contraceptive - 1 ea,Plan B,4.0,1630.0,0.0,49.99
Primatene Mist Epinephrine Inhalation Aerosol 160 Metered Sprays - 1 ea,Primatene,4.0,1513.0,0.0,32.99
Opti-Free PureMoist Multi-Purpose Disinfecting Solution - 10 fl oz x 2 pack,Opti-Free,4.5,779.0,0.0,22.99
"Poise Postpartum Incontinence Pads, Long 6 Drop Ultimate Absorbency Long Length (ct 45) - 45 ea",Poise,4.0,3022.0,0.0,24.99
Cepacol Extra Strength Sore Throat Relief Lozenges Honey Lemon - 16 ea,Cepacol,4.5,274.0,0.0,5.99
Crest Complete Whitening Toothpaste Minty Fresh - 5.4 oz,Crest Complete,4.5,12357.0,0.0,4.0
Vaseline Soothing Hydration Hand and Body Lotion Aloe Soothe - 10 fl oz,Vaseline,4.0,963.0,0.0,5.99
Biotene Moisturizing Mouth Spray Gentle Mint - 1.5 fl oz,Biotene,4.0,532.0,0.0,8.49
BIC Smooth Scented Women's Disposable Razor Lavender - 4 ea,BIC,4.5,837.0,0.0,6.99
Biotene Dry Mouth Lozenges For Fresh Breath Refreshing Mint - 27 ea,Biotene,4.5,648.0,0.0,8.49
Vaseline Nourishing Moisture Body Lotion Essential Healing - 10 fl oz,Vaseline,4.0,1156.0,0.0,5.99
Colgate Toothpaste with Mini Breath Strips Cool Mint - 6 oz,Colgate,4.5,687.0,0.0,4.0
"Olay Complete Daily Moisturizer with Sunscreen SPF 15, Sensitive Fragrance-Free - 4 fl oz",Olay Complete,4.5,591.0,0.0,11.99
Cepacol Extra Strength Sore Throat & Cough Relief Lozenges Mixed Berry - 16 ea,Cepacol,4.5,250.0,0.0,5.99
Nivea Essentially Enriched Body Lotion - 16.9 fl oz,Nivea,4.5,3299.0,0.0,10.99
Softsoap Hand Soap Pump Aloe - 7.5 fl oz,Softsoap,3.0,1116.0,0.0,2.49
Walgreens Fingertip Pulse Oximeter - 1 ea,Walgreens,4.5,4857.0,0.0,34.99
Walgreens Digital Thermometer 30 Second Rigid-Tip - 1 ea,Walgreens,3.5,1003.0,0.0,9.99
Take Action Emergency Contraceptive - 1 EA,Take Action,4.0,1034.0,0.0,39.99
Crest Pro-Health Advanced Extra Whitening Toothpaste - 3.5 oz,Crest Pro-Health Advanced,4.5,579.0,0.0,4.0
"Walgreens Certainty Underpads, Maximum Absorbency XL (30 ct) - 30 ea",Walgreens Certainty,4.5,1451.0,0.0,18.99
Oral-B Dental Floss Picks Scope Flavor - 75 ea,Oral-B,4.5,7983.0,0.0,4.0
"Walgreens Certainty Overnight Incontinence Pads, Ultimate Absorbency - 30 ea",Walgreens Certainty,4.5,1347.0,0.0,12.99
Vanicream Moisturizing Cream - 1 lb,Vanicream,4.5,422.0,0.0,16.99
Tena Intimates Extra Coverage Overnight Incontinence Pads - 28 ea,Tena,4.5,1170.0,0.0,16.99
"Always Infinity Pads, Heavy, with Wings Unscented, Size 2 (32 ct) - 32 ea",Always,4.5,1451.0,0.0,11.99
"Garnier Fructis Sleek & Shine Fortifying Shampoo for Frizzy, Dry Hair - 12.5 fl oz",Garnier Fructis Sleek & Shine,4.0,2046.0,0.0,5.49
L'Oreal Paris Elvive Total Repair 5 Repairing Shampoo for Damaged Hair - 12.6 fl oz,L'Oreal Paris Elvive,4.5,784.0,0.0,5.49
"Walgreens Certainty Incontinence Guards for Men, Maximum Absorbency - 52 ea",Walgreens Certainty,4.0,982.0,0.0,12.99
"CeraVe SA Lotion, Lightweight Exfoliating Salicylic Body Lotion for Rough & Bumpy Skin Fragrance Free - 8 fl oz",CeraVe,4.5,1866.0,0.0,19.99
Dove Deep Moisture Body Wash - 20 fl oz,Dove,4.5,7866.0,0.0,7.0
Crest Pro-Health Advanced Extra Teeth Whitening Toothpaste - 5.1 oz,Crest Pro-Health Advanced,4.5,415.0,0.0,5.0
"Always Infinity Feminine Pads for Women with Wings, Extra Heavy Overnight Unscented, Size 5 - 22 ea",Always,4.5,1008.0,0.0,11.99
"Garnier Fructis Grow Strong Shampoo, For Stronger, Healthier, Shinier Hair - 12.5 fl oz",Garnier Fructis Grow Strong,4.0,1324.0,0.0,5.49
First Response Triple Check Pregnancy Test - 3 ea,First Response,4.0,564.0,0.0,24.99
Clear Care Triple Action Cleaning & Disinfecting Solution - 24 oz x 2 pack,Clear Care,4.5,547.0,0.0,19.99
"Walgreens Adult Washcloths Fresh, 12 x 8 White - 48 ea",Walgreens,4.5,571.0,0.0,9.99
"Always Maxi Overnight Pads with Wings for Women, Extra Heavy Overnight Absorbency Unscented, Size 5 (27 ct) - 27 ea",Always,4.5,2831.0,0.0,12.99
Blink For Soft and RGP Contact Lenses - 0.34 fl oz,Blink,4.5,547.0,0.0,7.99
L'Oreal Paris Elvive Dream Lengths Restoring Shampoo - 12.6 fl oz,L'Oreal Paris Elvive,4.5,576.0,0.0,5.49
Olay Fresh Outlast Body Wash Birch Water & Lavender - 22 fl oz,Olay,4.5,251.0,0.0,7.0
SheaMoisture Kids Extra Moisturizing Detangler Coconut and Hibiscus - 8 oz,SheaMoisture,4.5,311.0,0.0,12.99
Clear Care Plus Cleaning & Disinfecting Solution with HydraGlyde - 12 fl oz x 2 pack,Clear Care,4.0,336.0,0.0,19.99
"La Roche-Posay Lipikar Triple Repair Lotion, Body and Face Moisturizer - 13.52 fl oz",La Roche-Posay,4.5,2953.0,0.0,19.99
"Garnier Fructis Sleek & Shine Fortifying Conditioner for Frizzy, Dry Hair - 12 fl oz",Garnier Fructis Sleek & Shine,4.5,1477.0,0.0,5.49
L'Oreal Paris Elvive Dream Lengths Conditioner - 12.6 fl oz,L'Oreal Paris Elvive,4.5,512.0,0.0,5.49
CeraVe Face & Body Moisturizing Cream with Pump for Normal to Dry Skin Unscented - 16 oz,CeraVe,4.5,16383.0,0.0,19.99
"Olay Ultra Moisture Body Wash Coconut Oil, 22 oz - 22 fl oz",Olay Ultra Moisture,4.5,280.0,0.0,7.0
"Garnier Whole Blends Repairing Shampoo, Honey Treasures - 12.5 fl oz",Garnier Whole Blends,4.0,21943.0,0.0,5.99
"Vaseline Body Gel Oil, Cocoa Radiant for Glowing Skin Cocoa Radiant - 6.8 fl oz",Vaseline,4.0,323.0,0.0,9.49
CeraVe Moisturizing Face and Body Lotion with Hyaluronic Acid for Normal to Dry Skin Unscented - 16 fl oz,CeraVe,4.5,8893.0,0.0,18.99
L'Oreal Paris Elvive Total Repair Extreme Renewing Conditioner - 12.6 fl oz,L'Oreal Paris Elvive,4.5,306.0,0.0,5.49
Gold Bond Age Renew Neck & Chest Skin Firming Age Renew Cream Fragrance Free - 2 oz,Gold Bond,4.0,4081.0,0.0,13.99
Nexxus Comb Thru Finishing Mist - 10 oz,Nexxus,4.0,461.0,0.0,17.99
L'Oreal Paris Elvive Total Repair 5 Repairing Conditioner for Damaged Hair - 12.6 fl oz,L'Oreal Paris Elvive,4.0,460.0,0.0,5.49
Walgreens Cough Drops Honey Lemon - 200 ea,Walgreens,4.5,375.0,0.0,6.49
"Always Discreet Adult Incontinence Pads for Women, Postpartum Pads No scent, Light Absorbency, Regular Length - 30 ea",Always Discreet,4.5,524.0,0.0,7.99
"Always Discreet Adult Incontinence Pads for Women, Moderate Absorbency, Regular Length Regular Length - 66 ea",Always Discreet,4.5,4.0,0.0,18.99
"Colgate Adult Manual Full Head Toothbrush, Soft One Size Multicolor (Packaging May Vary) - 1 ea",Colgate,4.5,360.0,0.0,1.29
Colgate MaxFresh Toothpaste with Mini Breath Strips Clean Mint (Packaging May Vary) - 6 oz,Colgate MaxFresh,4.5,295.0,0.0,4.0
Polident 3 Minute Antibacterial Denture Cleanser Effervescent Tablets Triple Mint - 120 ea,Polident,4.5,253.0,0.0,8.49
Olay Fresh Outlast Body Wash White Strawberry & Mint - 22 fl oz,Olay Fresh Outlast,4.5,52382.0,0.0,7.0
Nexxus Maxximum Finishing Mist for Control - 10 oz,Nexxus,4.0,259.0,0.0,17.99
Walgreens Long Pantiliners Unscented - 92 ea,Walgreens,4.0,395.0,0.0,4.49
"Gold Bond Healing Hand Cream, With Aloe to Soothe & Comfort - 3 oz",Gold Bond,4.5,1857.0,0.0,4.79
"Garnier Whole Blends Repairing Conditioner, Honey Treasures - 12.5 fl oz",Garnier Whole Blends,4.0,20917.0,0.0,5.99
Softsoap Liquid Hand Soap Pump Fresh Clear - 7.5 fl oz,Softsoap,4.0,1237.0,0.0,2.49
Chloraseptic Sore Throat Lozenges Cherry (Actual Item May Vary) - 18 ea,Chloraseptic,4.0,161.0,0.0,6.49
Ricola Cough Drops Original (Actual Item May Vary) - 21 ea,Ricola,4.5,433.0,0.0,3.99
Crest Whitening Plus Scope Toothpaste - 5.4 oz x 2 pack,Crest,4.5,8041.0,0.0,7.0
"Olay Complete Lotion Moisturizer with SPF 15, Sensitive Skin Fragrance-Free - 6 fl oz",Olay Complete,4.5,555.0,0.0,16.99
Nivea Shea Nourish Body Lotion - 16.9 fl oz,Nivea,4.5,482.0,0.0,10.99
Nivea Intense Healing Body Lotion - 16.9 fl oz,Nivea,4.5,360.0,0.0,10.99
Ricola Herb Throat Drops Sugar Free Lemon Mint (Actual Item May Vary) - 19 ea,Ricola,4.5,277.0,0.0,3.99
Nivea Body Lotion Cocoa Butter - 16.9 fl oz,Nivea,4.5,1298.0,0.0,10.99
Olay Complete Lotion Moisturizer with SPF 15 Normal - 4 fl oz,Olay Complete,4.5,210.0,0.0,11.99
ChapStick Flavored Lip Balm Tube Classic Cherry - 0.15 oz,ChapStick,4.0,19896.0,0.0,1.99
Luden's Throat Drops Wild Cherry - 90 ea,Luden's,4.0,271.0,0.0,5.99
Colgate Total Toothpaste Gel Fresh Mint Stripe - 3.3 oz,Colgate Total,4.5,413.0,0.0,4.0
Pantene Daily Moisture Renewal 72 Hour Lush Moisture Shampoo - 12 OZ,Pantene,4.5,390.0,0.0,5.0
Walgreens 24 Hour Relief Allergy Nasal Spray - .62 fl oz,Walgreens,4.5,135.0,0.0,22.99
ChapStick Classic Lip Balm Tube Strawberry - 0.15 oz,ChapStick,4.5,68.0,0.0,1.99
Crest Advanced Deep Clean Toothpaste Mint - 5.1 oz,Crest,4.0,588.0,0.0,5.0
"Gold Bond Medicated Original Strength Body Powder, Talc-Free - 10 oz",Gold Bond,4.0,534.0,0.0,8.49
Burt's Bees Kids Toothpaste Strawberry Splash - 4.7 oz,Burt's Bees,4.0,164.0,0.0,4.79
Ricola Echinacea Cough Drops Honey Lemon (Actual Item May Vary) - 19 ea,Ricola,4.5,112.0,0.0,3.99
ChapStick Lip Balm Tropical Paradise - 0.15 oz,ChapStick,4.0,86.0,0.0,1.99
ChapStick Moisturizer SPF 15 Original - .15 oz,ChapStick,2.5,130.0,0.0,1.99
Calmoseptine Calmoseptine Ointment to Prevent & Heal Skin Irritations - 4 oz,Calmoseptine,4.5,618.0,0.0,11.49
PreserVision AREDS 2 Formula Eye Vitamin & Mineral Supplement Softgels - 120 ea,PreserVision,4.5,1851.0,0.0,39.99
AZO Urinary Pain Relief Maximum Strength Tablets - 12 EA,AZO,4.5,1163.0,0.0,11.99
Monistat 1 Day or Night Ovule Insert Plus External Cream Combination Pack - 1 set,Monistat 1,3.5,321.0,0.0,25.99
Purell Advanced Hand Sanitizer Gel - 2 fl oz,Purell,4.5,114.0,0.0,2.09
OraQuick In-Home HIV Test - 1 ea,OraQuick,4.5,277.0,0.0,49.99
Crest 3D Whitestrips Professional Effects Teeth Whitening Kit - 1 set,Crest,4.0,4781.0,0.0,45.99
Bausch + Lomb Eye Wash - 4 fl oz,Bausch + Lomb,4.5,262.0,0.0,5.49
Crest Pro-Health Multi Protection Oral Rinse Clean Mint - 33.8 fl oz,Crest Pro-Health,4.5,4314.0,0.0,6.0
Abreva Docosanol 10% Cold Sore Cream Tube (Actual Item May Vary) - 0.07 oz,Abreva,4.0,1464.0,0.0,22.99
Walgreens Premium Saline Nasal Moisturizing Spray - 3 fl oz,Walgreens,4.0,31.0,0.0,6.99
Vanicream Shampoo - 12 fl oz,Vanicream,4.5,435.0,0.0,12.99
"CeraVe SA Body Wash, Gentle Exfoliating Salicylic Acid Cleanser for Rough & Bumpy Skin - 10 fl oz",CeraVe,4.5,275.0,0.0,13.99
RepHresh Odor Eliminating Vaginal Gel - 4 ea,RepHresh,4.0,11458.0,0.0,29.99
SheaMoisture Smoothie Curl Enhancing Cream Coconut and Hibiscus - 12 oz,SheaMoisture,4.0,720.0,0.0,13.99
"Olay Ultra Moisture Ultra Moisture Bar Soap Shea Butter, 6 bars, 4 oz each - 3.75 oz x 6 pack",Olay Ultra Moisture,4.0,403.0,0.0,8.29
"Always Radiant Feminine Pads For Women, Regular, With Wings Light Clean, Size 1 (30 ct) - 30 ea",Always,4.5,1805.0,0.0,11.99
Softsoap Antibacterial Liquid Hand Soap Pump Crisp Clean - 11.25 fl oz,Softsoap,4.5,267.0,0.0,3.29
Refresh Mega-3 Lubricant Eye Drops Preservative-Free - 0.01 fl oz x 30 pack,Refresh,4.5,2480.0,0.0,21.99
Dial Body Wash Gold Gold - 16 fl oz,Dial,4.5,471.0,0.0,6.29
"Walgreens Incontinence Briefs with Tabs, Unisex, Maximum Absorbency Large - 32 ea",Walgreens,4.0,140.0,0.0,18.99
La Roche-Posay Anthelios Sunscreen for Face SPF 50 Tinted - 1.7 fl oz,La Roche-Posay Anthelios,4.0,2762.0,0.0,37.99
"Garnier Fructis Pure Clean Fortifying Shampoo, With Aloe and Vitamin E Extract - 12.5 fl oz",Garnier Fructis Pure Clean,4.0,1375.0,0.0,5.49
Walgreens Cool Mist Humidifier - 1 ea,Walgreens,3.5,232.0,0.0,31.99
Bausch + Lomb Lumify Redness Reliever Eye Drops - 0.08 fl oz,Bausch + Lomb Lumify,4.5,2562.0,0.0,18.99
Bausch + Lomb Biotrue Multi-Purpose Solution - 10 oz x 2 pack,Bausch + Lomb,4.5,694.0,0.0,19.99
"Tampax Pearl Tampons, with LeakGuard Braid No scent, Ultra Absorbency - 18 ea",Tampax Pearl,4.5,1245.0,0.0,6.99
"Depend Incontinence Guards for Men, Maximum Absorbency - 52 ea",Depend,4.0,639.0,0.0,18.99
"Olay Age Defy Age Defy Bar Soap, Vitamin E 6 bars, 3.75 oz each - 3.75 oz x 6 pack",Olay Age Defy,4.0,341.0,0.0,8.29
Opti-Free RepleniSH Multi-Purpose Disinfection Solution Value Pack - 2 ea x 2 pack,Opti-Free,4.5,231.0,0.0,19.99
CeraVe Moisturizing Face and Body Lotion with Hyaluronic Acid for Normal to Dry Skin Unscented - 8 fl oz,CeraVe,4.5,8791.0,0.0,14.99
CeraVe Healing Ointment - 5 oz,CeraVe,4.5,1415.0,0.0,12.99
"Oral-B Super Floss Pre-Cut Strands, Dental Floss for Bridges, Braces and Wide Spaces Mint - 50 ea",Oral-B,3.5,419.0,0.0,4.0
Crest Pro-Health Advanced Gum Protection Toothpaste - 3.5 oz,Crest Pro-Health Advanced,4.0,459.0,0.0,4.0
Rogaine Men's 5% Minoxidil Foam For Hair Regrowth Unscented - 2.11 oz x 3 pack,Rogaine,3.5,923.0,0.0,74.99
"Oral-B EssentialFloss, Cavity Defense Mint - 54 yd",Oral-B,4.5,187.0,0.0,2.79
"Walgreens Certainty Premium Underpads, Day & Night Protection, Ultimate Absorbency X-Large - 8 ea",Walgreens Certainty,4.5,313.0,0.0,12.99
Sudafed PE Day + Night Maximum Strength Sinus Decongestant - 20 ea,Sudafed,4.0,198.0,0.0,10.99
Vanicream Gentle Body Wash Fragrance Free - 12 fl oz,Vanicream,4.5,185.0,0.0,11.99
Always Discreet Adult Incontinence Underwear for Women S/ M (32 ct) - 32 ea,Always Discreet,4.5,125.0,0.0,23.49
Crest Scope Classic Mouthwash Original Mint - 33.8 fl oz,Crest,4.5,1090.0,0.0,5.5
"Tampax Pearl Tampons Trio Multipack, with LeakGuard Braid No scent - 34 ea",Tampax Pearl,4.5,971.0,0.0,11.99
"Walgreens Certainty Incontinence Pads, 6 Drop Ultimate Absorbency Long Length - 45 ea",Walgreens Certainty,4.0,570.0,0.0,18.99
"Always Discreet Adult Incontinence Pads for Women, Postpartum Pads No scent, 6 Extra Heavy Absorbency, Long Length - 45 ea",Always Discreet,0.0,0.0,0.0,24.99
SheaMoisture Bar Soap - 8 oz,SheaMoisture,4.0,952.0,0.0,6.79
Colgate Stain Fighter Whitening Toothpaste Gel Fresh Mint Gel - 4.2 oz,Colgate,4.5,925.0,0.0,4.0
"Vicks Sinex Severe Nasal Spray, Moisturizing Ultra Fine Mist with Aloe, Decongestant - 0.5 fl oz",Vicks Sinex,4.5,390.0,0.0,13.99
NeilMed Nasa Mist All In One Saline Spray - 6 fl oz,NeilMed,4.0,174.0,0.0,11.99
"Always Anti-Bunch Xtra Protection Daily Liners Unscented, Long (108 ct) - 108 ea",Always,4.5,947.0,0.0,12.99
TRESemme Hydrating Shampoo Moisture Rich - 28 fl oz,TRESemme,4.0,1266.0,0.0,7.29
"Always Ultra Thin Feminine Pads With Wings for Women, Long Super Unscented, Size 2 (42 ct) - 42 ea",Always,4.5,1805.0,0.0,12.99
Aveeno Skin Relief Repairing Foot Mask For Dry Skin Fragrance Free - 1 pr,Aveeno,4.0,516.0,0.0,3.99
Vicks Warm Mist Humidifier - 1 ea,Vicks,4.5,826.0,0.0,44.99
Blink Mild-Moderate Dry Eye Symptom Relief - 0.5 fl oz,Blink,4.5,192.0,0.0,14.99
Q-tips Cotton Swabs Original - 625 ea,Q-tips,4.0,2077.0,0.0,6.79
Always Discreet Adult Incontinence Underwear for Women XL (26 ct) - 26 ea,Always Discreet,4.5,66.0,0.0,23.49
Walgreens Small Room Humidifier - 1 ea,Walgreens,4.0,349.0,0.0,27.99
Walgreens Certainty Women's Overnight ComfortLux Underwear Large - 16 ea,Walgreens Certainty,4.0,149.0,0.0,12.99
"Always Discreet Incontinence Panty Liners for Bladder Leaks, Very Light Long, 2 (44 ct) - 44 ea",Always Discreet,4.5,28.0,0.0,7.99
Dove Sensitive Skin Body Wash - 20 fl oz,Dove,4.5,6655.0,0.0,7.0
TRESemme Conditioner Moisture Rich - 28 fl oz,TRESemme,4.5,1240.0,0.0,7.29
TYLENOL Sinus Severe Non-Drowsy Day Cold & Flu Relief Caplets - 24 ea,TYLENOL,4.5,224.0,0.0,12.49
Bausch + Lomb Lumify Redness Reliever Eye Drops - 0.25 fl oz,Bausch + Lomb Lumify,4.5,756.0,0.0,29.99
"Always Radiant Teen Pads, Regular, With Wings Scented, Size 1 (28 ct) - 28 ea",Always,4.5,1471.0,0.0,11.99
Oral-B Advanced Whitening Charcoal Toothbrush Medium Black - 1 ea,Oral-B,4.5,459.0,0.0,4.0
Omron 10 Series Wireless Upper Arm Blood Pressure Monitor (BP7450) - 1 ea,Omron,4.0,882.0,0.0,89.99
"ACT Anticavity Fluoride Mouthwash, Triple Action Mint (Packaging May Vary) - 18 fl oz",ACT,4.5,348.0,0.0,5.99
Walgreens Vaporizing Steam Liquid - 8 fl oz,Walgreens,4.0,148.0,0.0,9.99
Walgreens Replacement Humidifier Filter - 1 ea,Walgreens,4.5,265.0,0.0,10.99
Fisherman's Friend Extra Strong Menthol Cough Suppressant Lozenges Original - 38 ea,Fisherman's Friend,4.5,160.0,0.0,4.99
"Always Infinity Pads, Heavy, Without Wings Unscented, Size 2 - 32 ea",Always,4.5,1637.0,0.0,11.99
Vaseline Petroleum Jelly Original - 1.75 oz,Vaseline,4.5,3142.0,0.0,3.29
Walgreens Certainty Women's ComfortLux Underwear XX-Large Blush - 12 ea,Walgreens Certainty,4.5,701.0,0.0,12.99
Walgreens Squeeze Bottle Kit Sinus Wash - 1 set,Walgreens,3.5,82.0,0.0,11.99
"G-U-M Soft-Picks Advanced, Dental Floss Picks - 60 ea",G-U-M,4.0,137.0,0.0,7.79
Aquaphor Advance Therapy Healing Ointment Fragrance Free - 14 oz,Aquaphor,4.5,1517.0,0.0,19.99
Always Discreet Adult Incontinence Underwear for Women L (28 ct) - 28 ea,Always Discreet,4.0,78.0,0.0,23.49
O'Keeffe's Working Hands Hand Cream - 2.7 oz,O'Keeffe's,4.5,264.0,0.0,7.99
Mielle Organics Rosemary Mint Growth Oil - 2 fl oz,Mielle Organics,4.5,5811.0,0.0,10.99
Garnier Fructis Color Shield Anti-Fade Shampoo for Color-Treated Hair - 12.5 fl oz,Garnier Fructis Color Shield,4.0,1182.0,0.0,5.49
SheaMoisture Bar Soap African Black Soap - 5 oz,SheaMoisture,4.0,392.0,0.0,6.79
L'Oreal Paris Elvive Volume Filler Thickening Shampoo - 12.6 fl oz,L'Oreal Paris Elvive,4.0,328.0,0.0,5.49
Dove Beauty Bar Soap Sensitive - 3.75 oz x 6 pack,Dove,4.5,3299.0,0.0,10.0
Walgreens Daytime Severe Sinus Caplets Cool Blast - 24 ea,Walgreens,4.5,138.0,0.0,8.99
"Walgreens Maxi Pads, Overnight, Wingless Unscented - 48 ea",Walgreens,4.5,273.0,0.0,4.34
Nature's Bounty Optimal Solutions Essential Prenatal Gummies Mixed Berry - 50 ea,Nature's Bounty Optimal Solutions,4.0,128.0,0.0,15.99
Eucerin Eczema Relief Body Cream - 8 oz,Eucerin,4.5,479.0,0.0,15.99
Boston Simplus Multi-Action Solution for Rigid Gas Permeable Contact Lenses - 3.5 oz,Boston,4.5,139.0,0.0,14.99
Olay Fresh Outlast Body Wash Orchid & Black Currant - 22 fl oz,Olay Fresh Outlast,4.5,161.0,0.0,7.0
"Garnier Fructis Grow Strong Conditioner, For Stronger, Healthier, Shinier Hair - 12 fl oz",Garnier Fructis Grow Strong,4.5,1079.0,0.0,5.49
"Always Maxi Overnight Pads with Wings for Women Unscented, Size 4 (33 ct) - 33 ea",Always,4.5,2447.0,0.0,12.99
"Walgreens Certainty Certainty Women's Overnight Underwear, Ultimate Absorbency S/ M - 18 ea",Walgreens Certainty,4.0,87.0,0.0,12.99
CeraVe Face and Body Moisturizing Cream for Normal to Dry Skin with Hyaluronic Acid - 8 fl oz,CeraVe,4.5,15925.0,0.0,14.99
"Always Feminine Pads for Women with wings No scent, Size 4 Overnight - 26 ea",Always,4.5,1395.0,0.0,11.99
Dove Refreshing Body Wash Cucumber & Green Tea - 20 fl oz,Dove,4.5,3246.0,0.0,7.0
CeraVe Moisturizing Face and Body Lotion with Hyaluronic Acid for Normal to Dry Skin Unscented - 12 fl oz,CeraVe,4.5,8808.0,0.0,15.99
Walgreens Sugar-Free Cough Drops Menthol - 150 ea,Walgreens,4.5,357.0,0.0,6.49
"Tampax Pearl Tampons, with LeakGuard Braid No scent - 36 ea",Tampax Pearl,4.5,2554.0,0.0,11.99
Eucerin Advanced Repair Body Lotion - 16.9 fl oz,Eucerin,4.0,643.0,0.0,15.99
"Gold Bond Healing Foot Cream, With Aloe - 4 oz",Gold Bond,4.5,446.0,0.0,7.49
"Arm & Hammer Extreme Whitening Control with Baking Soda & Peroxide, Stain Defense Mint - 6 oz",Arm & Hammer,4.0,530.0,0.0,5.79
"Biotene OralBalance Moisturizing Gel Flavor-Free, Alcohol-Free, for Dry Mouth - 1.5 oz",Biotene,4.0,915.0,0.0,7.49
"Walgreens Maxi Pads, Long Super, With Flexi-Wings Size 2 (ct. 32) - 32 ea",Walgreens,4.5,248.0,0.0,4.49
Poise Incontinence Pads 3 (30 Ct) - 30 ea,Poise,4.0,2323.0,0.0,7.49
Crest Antigingivitis/ Antiplaque Oral Rinse Clean Mint - 16.9 fl oz,Crest,4.5,3933.0,0.0,4.0
Walgreens Anefrin Nasal Spray - 1 fl oz,Walgreens,3.5,159.0,0.0,10.99
Dove Beauty Bar Soap Original White - 3.75 oz x 6 pack,Dove,4.5,11569.0,0.0,10.0
Walgreens Epsom Salt Lavender - 48 oz,Walgreens,4.5,313.0,0.0,4.99
DenTek Triple Clean Advanced Clean Floss Picks Mouthwash Blast (Packaging May Vary) - 90 ea,DenTek,4.5,721.0,0.0,3.99
L'Oreal Paris Elvive Total Repair Extreme Renewing Shampoo - 12.6 fl oz,L'Oreal Paris Elvive,4.5,302.0,0.0,5.49
Olay Total Effects Tone Correcting CC Cream SPF 15 Light to Medium - 1.7 OZ,Olay,4.0,413.0,0.0,27.99
Walgreens Extra Heavy Overnight Maxi Pads 5 - 20 ea,Walgreens,4.5,529.0,0.0,4.49
"Always Anti-Bunch Xtra Protection Daily Liners, Extra Long Absorbency Unscented, Extra Long Absorbency (Actual Item May Vary) - 68 ea",Always,4.5,311.0,0.0,9.99
"Listerine Antiseptic Mouthwash, Bad Breath & Plaque Mint - 33.8 fl oz",Listerine,4.5,3245.0,0.0,9.49
Advil Sinus Congestion & Pain Coated Tablets 10 - 10 ea,Advil,4.5,2398.0,0.0,8.29
"Always Feminine Pads for Women, for Nighttime, with Wings Light Clean, Size 4 - 20 ea",Always,4.5,631.0,0.0,11.99
"Depend Incontinence Shields for Men, Light Absorbency - 58 ea",Depend,4.0,568.0,0.0,18.99
Clear Eyes Redness Relief Eye Drops (Actual Item May Vary) - 0.5 fl oz,Clear Eyes,4.5,1273.0,0.0,4.99
L'Oreal Paris Elvive Color Vibrancy Protecting Shampoo - 12.6 fl oz,L'Oreal Paris Elvive,4.0,390.0,0.0,5.49
"Always Radiant Feminine Pads For Women, Heavy, With Wings Light Clean, Size 2 (26 ct) - 26 ea",Always,4.5,1835.0,0.0,11.99
Dove Restoring Body Wash Coconut and Cocoa Butter - 20 fl oz,Dove,4.5,1371.0,0.0,7.0
Garnier Fructis Pure Clean Pure Clean Hydrating Conditioner for All Hair Types - 12 fl oz,Garnier Fructis Pure Clean,4.0,1013.0,0.0,5.49
"Poise Incontinence Pads & Postpartum Incontinence Pads, 6 Drop Ultimate Absorbency 6 Ultimate Regular - 33 ea",Poise,4.0,2261.0,0.0,18.99
Garnier Whole Blends Smoothing Shampoo with Coconut Oil & Cocoa Butter Extracts - 12.5 fl oz,Garnier Whole Blends,4.5,7984.0,0.0,5.99
Dove Gentle Exfoliating Body Wash with Sea Minerals - 20 fl oz,Dove,4.5,979.0,0.0,7.0
Eucerin Original Healing Cream Fragrance Free - 16 oz,Eucerin,4.0,467.0,0.0,21.99
"Poise Postpartum Incontinence Pads, Long 4 Drop Moderate Absorbency 4 Moderate Long - 54 ea",Poise,4.0,1433.0,0.0,18.99
Sensodyne Repair & Protect Extra Fresh Toothpaste For Sensitive Teeth - 3.4 oz,Sensodyne,4.5,3009.0,0.0,7.99
Super Poligrip Denture Adhesive Cream Additive Free - 2.4 oz,Super Poligrip,4.0,117.0,0.0,5.49
Sensodyne Extra Whitening Sensitive Teeth Toothpaste - 4 oz x 2 pack,Sensodyne,4.5,2139.0,0.0,14.99
"Always Infinity Feminine Pads For Women With Wings, Heavy Unscented, Size 2 (16 ct) - 16 ea",Always,4.5,1440.0,0.0,6.99
Lubriderm Lotion Unspecified - 16 fl oz,Lubriderm,4.5,782.0,0.0,14.49
Vaseline Hand and Body Lotion Cocoa Radiant - 20.3 fl oz,Vaseline,4.0,1526.0,0.0,9.79
Aveeno Daily Moisturizing Lotion with Oat for Dry Skin Fragrance Free - 12 fl oz,Aveeno,4.5,3563.0,0.0,11.49
Arm & Hammer Peroxi-Care Fluoride Anti-Cavity Toothpaste Mint - 6 oz,Arm & Hammer,4.0,393.0,0.0,5.79
Walgreens Certainty Women's Overnight ComfortLux Underwear X-Large - 14 ea,Walgreens Certainty,4.0,301.0,0.0,12.99
TheraBreath Dry Mouth Lozenges Mandarin Mint - 100 ea,TheraBreath,4.5,236.0,0.0,11.49
"Halls Relief Mentho-Lyptus Cough Drops, Economy Pack - 80 ea",Halls,4.5,106.0,0.0,7.99
"Walgreens Maxi Pads With Flexi-Wings Unscented, Size 5 (ct 36) - 36 ea",Walgreens,4.5,286.0,0.0,7.49
L'Oreal Paris Elvive Volume Filler Thickening Conditioner - 12.6 fl oz,L'Oreal Paris Elvive,4.0,165.0,0.0,5.49
Vicks Pediatric Vapor Plug - 1 ea,Vicks,4.0,95.0,0.0,15.99
Degree Antiperspirant Deodorant Pure Clean - 2.6 oz,Degree,4.5,1051.0,0.0,6.49
O'Keeffe's Working Hands Hand Cream Unscented - 3 oz,O'Keeffe's Working Hands,4.5,95.0,0.0,8.49
"Gold Bond Healing Hydrating Cream, With Aloe Aloe - 5.5 oz",Gold Bond,4.0,1331.0,0.0,7.29
"Walgreens Maxi Pads, Regular, Wingless Size 1 (ct. 48) - 48 ea",Walgreens,4.5,239.0,0.0,4.49
SheaMoisture Bar Soap Coconut and Hibiscus - 8 oz,SheaMoisture,4.0,509.0,0.0,6.79
Aveeno Skin Relief Repairing Hand Mask For Dry Skin Fragrance Free - 1 pr,Aveeno,4.0,387.0,0.0,3.99
Walgreens Petroleum Jelly Unscented - 13 oz,Walgreens,4.0,130.0,0.0,5.99
Nivea Nourishing Skin Firming Body Lotion - 16.9 fl oz,Nivea,4.5,264.0,0.0,12.99
BIC Women's Disposable Razors - 10 EA,BIC,4.0,245.0,0.0,2.99
Walgreens Cough Drops Cherry - 200 ea,Walgreens,4.5,215.0,0.0,6.49
Yardley of London Nourishing Bath Bar Oatmeal & Almond (Actual Item May Vary) - 4 oz x 4 pack,Yardley of London,4.5,3918.0,0.0,4.99
Yardley of London Nourishing Bath Bar English Lavender - 4 oz,Yardley of London,4.5,6699.0,0.0,2.29
Vaseline Soothing Hydration Body Lotion Aloe Soothe - 20.3 fl oz,Vaseline,4.0,910.0,0.0,9.79
StainAway Plus Powered Professional Strength Denture Cleanser (Packaging May Vary) - 8.1 fl oz,StainAway Plus,4.5,177.0,0.0,6.49
"Vicks VapoCool Medicated Sore Throat Drops, With Menthol, Over-the-Counter Medicine Winterfrost - 45 ea",Vicks,4.5,139.0,0.0,6.99
"Poise Daily Liners, Incontinence Panty Liners, Very Light Absorbency, Regular Length 2 (48 ct) - 48 ea",Poise,4.5,4939.0,0.0,7.49
Dove Style+Care Hairspray Flexible Hold - 7 oz,Dove,4.0,937.0,0.0,7.99
Neutrogena Ultra Sheer Dry-Touch SPF 55 Sunscreen Lotion - 3 fl oz,Neutrogena,4.0,546.0,0.0,14.99
BIC Flex 5 Hybrid Men's Disposable Razor - 1 ea,BIC,4.0,346.0,0.0,7.79
"Colgate Adult Manual Full Head Toothbrush, Medium One Size Multicolor - 1 ea",Colgate,4.5,305.0,0.0,1.29
"Walgreens Ultra Thin Maxi Pads With Flexi-Wings Unscented, Size 4 (ct 52) - 52 ea",Walgreens,4.5,205.0,0.0,7.49
Eucerin Advanced Repair Hand Cream Fragrance Free - 2.7 oz,Eucerin,3.5,437.0,0.0,5.99
"Depend Adult Incontinence Underwear for Women, Disposable L (17 ct), Blush Blush - 17 ea",Depend,4.5,2450.0,0.0,18.99
Fixodent Complete Original Denture Adhesive Cream Original - 2.4 oz x 2 pack,Fixodent,4.0,431.0,0.0,12.99
Maybelline Baby Lips Dr Rescue Medicated Lip Balm Coral Crave - 0.15 oz,Maybelline Baby Lips,4.0,292.0,0.0,5.49
U by Kotex Balance Sized for Teens Ultra Thin Pads with Wings Unscented - 14 ea,U by Kotex,4.5,1890.0,0.0,7.99
Nivea Skin Firming Hydration Body Lotion - 16.9 fl oz,Nivea,4.5,1573.0,0.0,12.99
Walgreens Sore Throat Lozenges Cherry - 18 ea,Walgreens,4.0,55.0,0.0,4.79
Garnier Whole Blends Hydrating Shampoo with Coconut Water & Aloe Vera Extracts - 12.5 fl oz,Garnier Whole Blends,4.5,450.0,0.0,5.99
Garnier Whole Blends Smoothing Conditioner Coconut Oil & Cocoa Butter Extract - 12.5 fl oz,Garnier Whole Blends,4.5,7582.0,0.0,5.99
Nexxus Mousse + Volumizing Foam - 10.6 oz,Nexxus,4.0,457.0,0.0,17.99
Hyland's Naturals Kids Cold & Cough - 4 fl oz,Hyland's Naturals,4.0,122.0,0.0,12.99
Biotene Fluoride Toothpaste Fresh Mint - 4.3 oz,Biotene,4.0,535.0,0.0,8.49
Dove Deep Moisture Body Wash with Pump Deep Moisture - 30.6 fl oz,Dove,4.5,7495.0,0.0,12.99
Degree Antiperspirant Deodorant Dry Spray Shower Clean - 3.8 oz,Degree,4.0,456.0,0.0,7.49
Aveeno Daily Moisturizing Lotion with Oat for Dry Skin Fragrance Free - 8 oz,Aveeno,4.5,3313.0,0.0,9.99
"Walgreens Ultra Thin Maxi Pads, Long Super, Wingless Unscented, Size 2 (ct 40) - 40 ea",Walgreens,4.5,271.0,0.0,4.49
Ricola Herb Throat Drops Sugar Free Lemon Mint - 45 ea,Ricola,4.5,289.0,0.0,7.49
Degree Antiperspirant Deodorant Sexy Intrigue - 2.6 oz,Degree,4.5,832.0,0.0,6.49
Aquaphor Lip Repair Stick - 0.17 oz x 2 pack,Aquaphor,4.5,987.0,0.0,10.99
Colgate Cavity Protection Toothpaste With Fluoride Great Regular Flavor - 6 oz x 2 pack,Colgate,4.5,331.0,0.0,5.29
Ivory Bar Soap Original - 3.17 oz x 3 pack,Ivory,3.0,973.0,0.0,4.79
"Depend Adult Incontinence Underwear for Women, Disposable, Maximum Medium Blush - 18 ea",Depend,4.0,2319.0,0.0,18.99
Nivea Men Maximum Hydration Nourishing Body Lotion - 16.9 fl oz,Nivea Men,4.5,193.0,0.0,10.99
"Walgreens Maxi Pads With Flexi-Wings Unscented, Size 4 (ct 28) - 28 ea",Walgreens,4.5,434.0,0.0,4.49
Q-tips Cotton Swabs Original - 375 ea,Q-tips,4.0,1805.0,0.0,4.79
Dove Body Wash Lavender Oil & Chamomile - 20 fl oz,Dove,4.5,567.0,0.0,7.0
"Walgreens Ultra Thin Maxi Pads With Flexi-Wings Unscented, Size 4 (ct 28) - 28 ea",Walgreens,4.5,196.0,0.0,4.49
Garnier Whole Blends Hydrating Conditioner with Coconut Water & Aloe Vera Extract - 12.5 fl oz,Garnier Whole Blends,4.5,437.0,0.0,5.99
"Depend Adult Incontinence Underwear for Men, Disposable L (17 ct) Grey - 17 ea",Depend,4.0,1511.0,0.0,18.99
"Walgreens Ultra Thin Maxi Pads With Flexi-Wings Unscented, Size 1 (ct 36) - 36 ea",Walgreens,4.5,197.0,0.0,4.49
Nature's Bounty Lutein Softgels 40 mg - 30 ea,Nature's Bounty,4.5,66.0,0.0,29.99
"BIC Men's Disposable Razors, For a Smooth, Ultra-Close Shave - 3 ea",BIC,4.5,224.0,0.0,6.79
"Garnier Fructis Style Volume Anti-Humidity Hairspray, Extra Strong Hold - 8.25 oz",Garnier Fructis Style,4.0,138.0,0.0,7.99
"Garnier Fructis Style Curl Construct Creation Mousse with Coconut Water, For Curly Hair - 6.8 oz",Garnier Fructis Style,4.0,648.0,0.0,5.99
Halls Economy Bag - 80 ea,Halls,4.5,100.0,0.0,7.99
Olay Anti-Wrinkle Day Face Lotion with Sunscreen SPF 15 - 3.4 fl oz,Olay,4.5,168.0,0.0,17.99
CeraVe Face and Body Moisturizing Cream for Normal to Dry Skin with Hyaluronic Acid Unscented - 16 oz,CeraVe,4.5,15860.0,0.0,18.99
Walgreens Beauty Mesh Sponge Assorted (Color May Vary) - 1 ea,Walgreens Beauty,4.0,67.0,0.0,1.99
Crest Outlast Complete Whitening Toothpaste Long Lasting Mint - 5.4 oz,Crest,4.5,3738.0,0.0,4.0
CeraVe Healing Ointment to Protect and Soothe Dry Skin - 12 oz,CeraVe,4.5,1385.0,0.0,19.99
Walgreens Saline Nasal Moisturizing Spray - 1.5 fl oz,Walgreens,4.0,105.0,0.0,4.29
"Delsym Adult 12 hour Cough Relief Medicine, Cough Suppressing Liquid Grape - 5 Oz",Delsym,4.5,150.0,0.0,17.99
Flonase Allergy Relief Nasal Spray - 0.38 fl oz,Flonase,4.5,1244.0,0.0,21.99
"Old Spice Men's Antiperspirant & Deodorant, 24/ 7 Sweat Protection Oasis with Vanilla - 2.26 oz",Old Spice,4.5,990.0,0.0,9.79
"Always Ultra Thin Overnight Pads Unscented, Size 4, Overnight - 36 ea",Always,4.5,891.0,0.0,12.99
Oral-B Glide Bacteria Guard Dental Floss Picks Mint - 75 ea,Oral-B Glide,4.5,481.0,0.0,4.0
Degree Advanced Protection Antiperspirant Deodorant Dry Spray Lavender & Waterlily - 3.8 oz,Degree Advanced Protection,4.5,386.0,0.0,7.49
Pantene Daily Moisture Renewal 72 Hour Lush Moisture Conditioner No Scent - 10.4 fl oz,Pantene,4.5,365.0,0.0,5.0
Pantene Daily Moisture Renewal 72 HR Lush Moisture Shampoo No scent - 17.9 fl oz,Pantene,4.5,332.0,0.0,7.0
Pantene Daily Moisture Renewal 72 HR Lush Moisture Shampoo Fresh - 27.7 oz,Pantene,4.5,330.0,0.0,8.0
Walgreens True Metrix Self-Monitoring Blood Glucose Test Strips - 60 ea,Walgreens,4.5,311.0,0.0,18.99
"Purell Advanced Hand Sanitizer, Pump - 8 fl oz",Purell,4.5,288.0,0.0,3.59
Mucinex InstaSoothe Sore Throat + Soothing Comfort Lozenges Honey & Echinacea - 40 ea,Mucinex InstaSoothe,4.5,261.0,0.0,6.99
Blistex Medicated Lip Ointment - 0.21 oz x 2 pack,Blistex,4.5,253.0,0.0,6.49
Walgreens True Metrix Self-Monitoring Blood Glucose Test Strips - 30 ea,Walgreens,4.5,185.0,0.0,9.99
Halls Cough Drops (Actual Item May Vary) - 80 ea,Halls,4.5,106.0,0.0,7.99
"Vicks Severe Medicated Sore Throat Drops, Fast-Acting Max Strength Relief - 18 ea",Vicks,4.5,59.0,0.0,3.99
Black Girl Sunscreen SPF 30 - 3 fl oz,Black Girl Sunscreen,4.5,57.0,0.0,17.99
Carmex Daily Care Minis Moisturizing Lip Balm Tubes with SPF - 0.18 oz x 5 pack,Carmex,4.5,47.0,0.0,7.49
"Always Discreet Adult Incontinence Pads for Women, Ultimate Extra Protect Absorbency No scent, Long length - 42 ea",Always Discreet,4.5,16.0,0.0,24.99
"Depend Adult Incontinence Underwear for Men, Disposable, Maximum S-M (ct 32) Grey - 32 EA",Depend,4.0,1802.0,0.0,24.99
Garnier Fructis Style Brilliantine Shine Glossing Spray - 3 fl oz,Garnier Fructis Style,4.0,1047.0,0.0,5.99
"Garnier Fructis Style Curl Shape Defining Spray Gel with Coconut Water, For Curly Hair - 8.5 fl oz",Garnier Fructis Style,4.0,1035.0,0.0,5.99
Pantene Classic Clean 2-in-1 Shampoo & Conditioner Floral - 12 fl oz,Pantene,4.0,966.0,0.0,5.0
Pantene Daily Moisture Renewal 72 HR Lush Moisture Conditioner Fresh - 25.1 fl oz,Pantene,4.0,733.0,0.0,8.0
Suave Antiperspirant & Deodorant Stick Coconut Kiss - 1.2 oz,Suave,4.5,378.0,0.0,2.49
"Mucinex InstaSoothe Sore Throat + Cough Relief, Sore Throat Lozenges Alpine Herbs & Mint - 40 ea",Mucinex InstaSoothe,4.5,301.0,0.0,6.99
"Garnier Fructis Style Curl Sculpt Conditioning Cream Gel, For Curly Hair - 5.1 fl oz",Garnier Fructis Style,4.0,297.0,0.0,5.99
SheaMoisture Conditioner Coconut & Hibiscus - 13 fl oz,SheaMoisture,4.0,229.0,0.0,12.99
Walgreens Urinary Tract Infection Home Test - 1 ea x 3 pack,Walgreens,4.0,229.0,0.0,10.99
Walgreens Certainty Adult Incontinence Stretch Briefs with Tabs Large/ X-Large - 28 ea,Walgreens Certainty,4.0,217.0,0.0,18.99
"Burt's Bees Kids Toothpaste, Fluoride Free Bubblegum - 4.7 oz",Burt's Bees,4.5,138.0,0.0,4.79
Walgreens Premoistened Lens Wipes - 120 ea,Walgreens,4.0,124.0,0.0,11.99
DrugConfirm 7 Drugs Home Drug Test - 1 ea,DrugConfirm,4.0,91.0,0.0,29.99
"Vicks Vapor Pads Family Pack Lavender, Rosemary - 12 ea",Vicks,4.0,60.0,0.0,15.99
Soap & Glory Heel Genius Moisturizing Foot Cream - 4.2 fl oz,Soap & Glory,4.0,33.0,0.0,10.0
Vicks VapoCOOL SEVERE Medicated Sore Throat Drops Honey Lemon Chill - 18 ea,Vicks,4.0,25.0,0.0,3.99
Walgreens 5 Second Flex-Tip Digital Thermometer - 1 ea,Walgreens,3.5,180.0,0.0,16.99
"Mucinex InstaSoothe Sore Throat Relief Drops, For Soothing Comfort Honey & Echinacea - 20 ea",Mucinex InstaSoothe,3.5,103.0,0.0,4.99
Nivea Lip Care Strawberry Lip Care - 0.17 oz x 2 pack,Nivea Lip Care,3.5,23.0,0.0,4.99
ChapStick Classic Lip Balm Tube Original - .15 oz,ChapStick,3.0,170.0,0.0,1.99
Walgreens Perfection Silk Tampons Multipack Unscented - 36 EA,Walgreens,0.0,0.0,0.0,5.99
Exergen Comfort Scanner Temporal Thermometer - 1 Each,Exergen,4.0,749.0,0.0,44.99
WaxRx pH Conditioned Ear Wash System - 1 ea,WaxRx,4.0,322.0,0.0,39.99
Walgreens Premium True Metrix Self-Monitoring Blood Glucose Meter Black - 1 ea,Walgreens,3.5,584.0,0.0,19.99
Walgreens Sitz Bath - 1 ea,Walgreens,3.5,243.0,0.0,21.99
L'Oreal Paris Superior Preference Fade-Defying + Shine Permanent Hair Color Extra Light Natural Blonde LB02 - 1 ea,L'Oreal Paris Superior Preference,3.5,124.0,0.0,12.99
Walgreens A1C Test Kit - 1 set,Walgreens,3.5,483.0,0.0,49.99
First Response Early Result Pregnancy Test - 2 ea,First Response,4.0,5602.0,0.0,18.99
Hyland's Naturals Earache Drops (Actual Item May Vary) - 0.33 fl oz,Hyland's Naturals,4.0,170.0,0.0,11.49
Vicks Personal Steam Inhaler - 1 ea,Vicks,4.0,682.0,0.0,59.99
CONTOUR NEXT Blood Glucose Strips Value Pack - 70 ea,CONTOUR NEXT,4.0,578.0,0.0,36.99
Braun Thermoscan Ear Thermometer - 1 ea,Braun Thermoscan,4.5,468.0,0.0,40.99
"Lamisil Lamisil Athlete's Foot Antifungal Cream, 1% Terbinafine Hydrochloride, 1.0 oz - 1 oz",Lamisil,4.5,255.0,0.0,21.99
Walgreens Antibacterial Plus Urinary - 24 ea,Walgreens,4.0,155.0,0.0,13.49
"Debrox Earwax Removal Kit, Ear Drops and Bulb Ear Syringe - 0.5 fl oz",Debrox,4.0,313.0,0.0,10.99
Rogaine Men's Extra Strength 5% Minoxidil Solution Unscented - 2 fl oz x 3 pack,Rogaine,3.5,352.0,0.0,74.99
"AZO Yeast Plus Dual Relief, Homeopathic, Tablets - 60 ea",AZO,3.5,245.0,0.0,11.49
Walgreens Auto Arm Blood Pressure Monitor - 1 ea,Walgreens,3.5,582.0,0.0,42.99
Walgreens Clotrimazole Vaginal Cream - 1.5 oz,Walgreens,4.0,95.0,0.0,15.99
Systane Ultra Lubricant Eye Drops - 0.33 fl oz,Systane Ultra,4.5,296.0,0.0,14.99
Walgreens True Focus Self-Monitoring Blood Glucose Test Strips - 50 ea,Walgreens,4.0,159.0,0.0,17.99
SheaMoisture Curl Enhancing Smoothie Coconut & Hibiscus - 3.2 oz,SheaMoisture,3.5,1775.0,0.0,2.99
Braun Thermoscan Lens Filters (Actual Item May Vary) - 40 ea,Braun Thermoscan,4.5,130.0,0.0,9.99
Walgreens Soothing Eye Wash - 4 fl oz,Walgreens,4.0,168.0,0.0,4.79
Monistat 1-Day Yeast Infection Treatment - 0.16 oz,Monistat,3.5,97.0,0.0,23.99
Walgreens Disposable Probe Covers - 60 ea,Walgreens,4.5,97.0,0.0,5.99
Orajel Baby Daytime and Nighttime Non-Medicated Cooling Gels for Teething - 0.18 oz x 2 pack,Orajel,4.0,179.0,0.0,6.79
PATADAY Eye Itch Relief - 5 mL,PATADAY,4.5,311.0,0.0,19.99
Releev 1 Day Cold Sore Symptom Treatment - 0.2 oz,Releev,4.0,249.0,0.0,18.99
SNORERx Snore Rx Stop Snoring Mouthguard - 1 ea,SNORERx,3.0,307.0,0.0,59.99
Colgate Peroxyl Antiseptic Mouth Sore Rinse Mild Mint - 8.4 fl oz,Colgate,4.5,281.0,0.0,8.99
Quantum Health Cold Sore Bandage - 12 ea,Quantum Health,3.0,88.0,0.0,9.99
Monistat 3 Day Ovule Inserts Plus External Cream Combination Pack - 1 set,Monistat,4.0,110.0,0.0,21.99
"Aveeno Soothing Bath Soak For Eczema, Natural Colloidal Oatmeal Single Use Packets (Actual Item May Vary) - 1.5 oz x 8 pack",Aveeno,4.5,323.0,0.0,7.99
Nizoral Anti-Dandruff Shampoo - 7 fl oz,Nizoral,4.5,3763.0,0.0,21.99
Orajel 3X Medicated For All Mouth Sores Gel - 0.42 oz,Orajel,4.0,150.0,0.0,9.79
Clinere Personal Ear Cleaners for Earwax Removal - 10 ea,Clinere,3.5,96.0,0.0,9.99
Softsoap Liquid Hand Soap Aquarium Refill - 50 fl oz,Softsoap,4.0,1274.0,0.0,6.99
Oral-B Pro-Flex Stain Eraser Manual Toothbrush Medium Full Head - 1 ea,Oral-B,4.5,303.0,0.0,5.0
"Bio-Oil Body Oil for Scars and Stretch Marks, Serum Hydrates - 2 fl oz",Bio-Oil,4.0,112.0,0.0,11.69
Walgreens Digital 10 Second Flexible Tip Thermometer - 1 ea,Walgreens,3.0,208.0,0.0,15.99
Walgreens On The Move Spray Bottle for Travel Clear - 1 ea,Walgreens,4.0,92.0,0.0,2.99
Walgreens Saline Solution - 12 fl oz,Walgreens,4.0,65.0,0.0,3.99
Flonase Sensimist Allergy Relief Nasal Spray 120 Sprays - 0.31 fl oz,Flonase,4.5,1638.0,0.0,28.99
Clearblue Digital Pregnancy Test with Smart Countdown - 2 ea,Clearblue,4.5,619.0,0.0,22.99
Scalpicin Maximum Strength Liquid Scalp Itch Treatment - 1.5 fl oz,Scalpicin,4.5,99.0,0.0,9.79
Walgreens True Metrix Self-Monitoring Blood Glucose Test Strips - 50 ea,Walgreens,4.0,300.0,0.0,42.99
L.A. Looks Absolute Styling Sport Hair Gel - 20 oz,L.A. Looks,4.0,83.0,0.0,4.29
Ayr Saline Nasal Gel - 0.5 oz,Ayr,4.5,251.0,0.0,7.79
Systane Ultra High Performance Lubricant Eye Drops - 20 ml x 2 pack,Systane Ultra,4.5,457.0,0.0,26.99
Clearblue Pregnancy Test Combo Pack - 2 ea,Clearblue,4.5,1330.0,0.0,17.99
Clairol Nice 'n Easy Permanent Hair Color 4 Dark Brown - 1 ea,Clairol Nice 'n Easy,4.5,429.0,0.0,9.29
CeraVe Face and Body Moisturizing Cream for Normal to Dry Skin Unscented - 12 oz,CeraVe,4.5,16140.0,0.0,16.99
Clairol Nice 'n Easy Root Touch-Up Permanent Hair Color 5 Medium Brown - 1 ea,Clairol Nice 'n Easy,4.0,499.0,0.0,10.49
Vaseline Healing Jelly Original Original (Actual Item May Vary) - 13 oz,Vaseline,4.5,2974.0,0.0,7.99
Walgreens Miconazole 7 Vaginal Antifungal Cream - 1.59 oz,Walgreens,3.5,176.0,0.0,14.99
Vagisil Anti-Itch Creme - 1 oz,Vagisil,4.0,109.0,0.0,11.49
Neutrogena Therapeutic Shampoo - 4.5 fl oz,Neutrogena,4.5,787.0,0.0,11.49
"U by Kotex Balance Thin Wrapped Liners Unscented, Regular (50 ct) - 50 ea",U by Kotex,4.5,3070.0,0.0,6.99
Walgreens Whitening Wraps with Advanced Form Fitting Technology Mint - 28 ea,Walgreens,3.5,221.0,0.0,24.99
CloSYS Ultra Sensitive Mouth Rinse Unflavored - 32 fl oz,CloSYS,4.5,263.0,0.0,14.99
"Crest Classic Vivid At-home Teeth Whitening Kit 10 Treatments, 6 Levels Whiter - 10 ea",Crest,4.0,1726.0,0.0,29.99
Herbal Essences Hair Repair Shampoo Argan Oil - 13.5 fl oz,Herbal Essences,4.5,3815.0,0.0,11.99
Gold Bond Cocoa Butter Glow Daily Hydrating Lotion Light Brown - 14 oz,Gold Bond,4.5,645.0,0.0,11.99
Walgreens Motion Sickness Relief Chewable Tablets Raspberry - 16 ea,Walgreens,4.0,85.0,0.0,8.49
Walgreens Deluxe Arm Blood Pressure Monitor - 1 ea,Walgreens,3.5,542.0,0.0,54.99
OCuSOFT Retaine MGD Lubricant Eye Drops Single-Dose Containers - 0.01 fl oz x 30 pack,OCuSOFT,4.5,407.0,0.0,26.99
Systane Ultra Lubricant Eye Drops High Performance - 0.28 oz x 2 pack,Systane Ultra,4.5,198.0,0.0,13.99
Benzedrex Inhaler Nasal Decongestant - 1 ea,Benzedrex Inhaler,4.5,100.0,0.0,8.99
Orajel 4X Medicated For Toothache & Gum Gel - 0.25 oz,Orajel,3.5,201.0,0.0,11.49
Oral-B Advanced Sensitive Toothbrushes Extra soft - 2 ea,Oral-B,4.0,187.0,0.0,6.0
Walgreens 24 Hour Budesonide Nasal Spray - 0.29 fl oz,Walgreens,4.0,214.0,0.0,23.99
Omron 3 Series Upper Arm Blood Pressure Monitor (BP7100) - 1 ea,Omron,4.0,482.0,0.0,59.99
Walgreens Ear Wax Removal Drops - 0.5 fl oz,Walgreens,4.5,84.0,0.0,6.49
Refresh Tears Lubricant Eye Drops (Actual Item May Vary) - 0.5 fl oz x 2 pack,Refresh,4.5,260.0,0.0,17.99
"Oral-B Glide Pro-Health Comfort Plus Dental Floss, Extra Soft Mint - 43.7 yd x 2 pack",Oral-B Glide,4.5,240.0,0.0,9.0
Cepacol Extra Strength Medicated Sore Throat Lozenges Cherry - 16 ea,Cepacol,4.5,270.0,0.0,5.99
Oral-B Pro 1000 CrossAction Electric Toothbrush White - 1 set,Oral-B,4.5,1261.0,0.0,66.99
Quantum Health Lysine+ Cold Sore Ointment - 0.25 oz,Quantum Health,4.0,156.0,0.0,6.99
"Walgreens Docosanol Cream, 10% - 0.07 oz",Walgreens,4.0,209.0,0.0,17.99
TRESemme Extra Hold Hairspray Extra Hold - 11 oz,TRESemme,4.5,900.0,0.0,7.99
Walgreens Saline Solution - 12 fl oz x 2 pack,Walgreens,4.5,79.0,0.0,6.79
Walgreens Motion Sickness Relief Tablets - 16 ea,Walgreens,4.0,94.0,0.0,8.49
Refresh Lubricant Eye Drops Preservative-Free Tears - 0.01 oz x 70 pack,Refresh,4.5,228.0,0.0,31.99
Rogaine Women's 5% Minoxidil Foam For Hair Regrowth Unscented - 2.11 oz x 2 pack,Rogaine,4.0,1499.0,0.0,74.99
Walgreens Certainty Women's ComfortLux Underwear Large Blush - 40 ea,Walgreens Certainty,3.5,79.0,0.0,22.99
Walgreens Cranberry 250 mg Caplets - 50 ea,Walgreens,4.5,92.0,0.0,9.99
NeilMed Sinugator Cordless Pulsating Nasal Wash with 30 Premixed Packets - 1 set,NeilMed,3.5,251.0,0.0,26.99
"Oral-B Glide Pro-Health Original, Smooth, Strong, Shred Resistant (Packaging May Vary) - 54.6 yd x 2 pack",Oral-B Glide,4.5,759.0,0.0,7.0
Nature Made Prenatal Multi + DHA Softgels - 90 ea,Nature Made,4.0,74.0,0.0,39.99
Refresh Soothing Lubricant Eye Gel (Actual Item May Vary) - 0.5 fl oz,Refresh,4.5,210.0,0.0,12.49
Vitafusion Prenatal Gummy Vitamins Raspberry Lemonade - 90 ea,Vitafusion,4.5,375.0,0.0,17.99
Udderly Smooth Body Cream Lightly Scented - 12 oz,Udderly Smooth,4.5,827.0,0.0,5.99
Arm & Hammer Deodorant With Natural Deodorizers Fresh - 2.5 oz,Arm & Hammer,4.0,403.0,0.0,4.99
Vanicream Moisturizing Lotion - 16 fl oz,Vanicream,4.5,214.0,0.0,16.99
TheraBreath Fresh Breath Oral Rinse Mild Flavor (Packaging May Vary) - 16 fl oz,TheraBreath,4.5,613.0,0.0,9.79
"Carmex Daily Care Moisturizing Lip Balm with SPF Fresh Cherry, Strawberry, Wintergreen - 0.35 oz x 3 pack",Carmex,4.5,58.0,0.0,5.29
Suave Kids 3in1 Shampoo Conditioner Body Wash Watermelon Wonder - 18 fl oz,Suave Kids,4.5,346.0,0.0,4.99
Dentemp Repair-It Advanced Formula Denture Repair Kit - 1 set,Dentemp,3.5,202.0,0.0,7.79
Ocuvite Eye Health Adult 50+ - 90 ea,Ocuvite,4.5,221.0,0.0,29.99
SheaMoisture Multi-Action Leave-In - 8 oz,SheaMoisture,4.5,265.0,0.0,13.99
Refresh Relieva Lubricant Eye Drops - .33 fl oz,Refresh Relieva,4.5,2119.0,0.0,19.99
Old Spice Red Zone Body Wash for Men Swagger (Packaging May Vary) - 21 fl oz,Old Spice Red Zone,4.0,298.0,0.0,7.0
Walgreens Oral Pain Relief Paste Maximum Strength Assorted - 0.42 oz,Walgreens,4.0,66.0,0.0,7.99
"Crest Pro-Health Advanced Advanced Multi-Protection Mouthwash/ Mouth Rinse, Alcohol Free Fresh Mint - 33.8 fl oz",Crest Pro-Health Advanced,4.5,4637.0,0.0,7.5
Got2b Glued Blasting Freeze Spray - 12 oz,Got2b,4.0,108.0,0.0,8.99
"Gold Bond Comfort Body Powder, Talc-Free Fresh Clean - 10 oz",Gold Bond,4.5,304.0,0.0,6.79
Ayr Saline Nasal Mist (Actual Item May Vary) - 1.69 fl oz,Ayr,4.5,160.0,0.0,6.29
"U by Kotex Wrapped Panty Liners Unscented, Regular Length - 40 ea",U by Kotex,4.5,2473.0,0.0,6.99
Refresh Extended Therapy Gel Drops Lubricant Eye Gel - 0.33 fl oz,Refresh,4.5,179.0,0.0,19.99
Walgreens Vaporizer - 1 ea,Walgreens,3.0,280.0,0.0,19.99
Refresh Vials Lubricant Eye Drops Preservative-Free - 0.1 fl oz x 60 pack,Refresh,4.5,146.0,0.0,31.99
Systane Overnight Therapy Lubricant Eye Gel - 0.35 oz,Systane,4.0,229.0,0.0,18.99
TRESemme Protecting Heat Spray Keratin Smooth Thermal Creations - 8 fl oz,TRESemme,4.5,2317.0,0.0,7.99
Garnier Fructis Curl Nourish Curl Nourish Sulfate-Free Shampoo for All Curl Types - 12.5 fl oz,Garnier Fructis Curl Nourish,4.0,887.0,0.0,5.49
"Always Thin No Feel Protection Daily Liners Unscented, Regular Absorbency - 162 ea",Always,4.5,666.0,0.0,11.99
"Flonase Allergy Relief Nasal Spray Scent Free, 60 Sprays - 60 ea",Flonase,4.5,1595.0,0.0,21.99
Shine 'n Jam Conditioning Extra Hold Gel - 4 oz,Shine 'n Jam,4.5,121.0,0.0,3.79
Refresh Contacts Contact Lens Comfort Moisture Drops for Dry Eyes (Actual Item May Vary) - 0.4 fl oz,Refresh,4.5,87.0,0.0,10.99
SheaMoisture Curl Mousse Coconut and Hibiscus - 7.5 oz,SheaMoisture,4.0,307.0,0.0,13.99
Accu-Chek Guide Test Strips - 25 ea,Accu-Chek,4.0,145.0,0.0,12.99
"Always Maxi Overnight Pads With Wings For Women, Extra Heavy Overnight Absorbency Unscented, Size 5 (20 ct) - 20 ea",Always,4.5,2844.0,0.0,8.99
Vicks Rapid Read 2 Second Digital Thermometer - 1 ea,Vicks,3.5,433.0,0.0,19.99
Walgreens Liquid Hand Soap Refill Clear Clear - 56 fl oz,Walgreens,4.0,125.0,0.0,5.99
Walgreens Foaming Rinse-Free Shampoo & Body Wash - 7.1 fl oz,Walgreens,4.5,162.0,0.0,5.61
Walgreens Saline Packets - 0.1 oz x 100 pack,Walgreens,4.5,281.0,0.0,12.49
"Olay Ribbons Moisture Ribbons Plus Body Wash Shea Butter + Peony Blossom, 18 oz - 18 fl oz",Olay Ribbons,4.5,215.0,0.0,7.0
Oral-B 3D White Battery Power Electric Toothbrush Varied - 1 ea,Oral-B,4.0,569.0,0.0,8.0
Coast Bar Soap Classic - 4 OZ x 8 pack,Coast,4.5,236.0,0.0,5.79
OCuSOFT Lid Scrub Plus Eyelid Cleanser Pre-Moistened Pads - 30 ea,OCuSOFT,4.5,277.0,0.0,24.99
Gillette Fusion5 Razor Refills for Men No scent - 8 ea,Gillette Fusion5,4.5,3887.0,0.0,33.99
"G-U-M Proxabrush Go-Betweens - Tight, Interdental Brushes - 10 ea",G-U-M,4.5,151.0,0.0,6.29
Listerine Anticavity Fluoride Mouthwash Fresh Mint - 1 L,Listerine,4.0,991.0,0.0,11.99
Oral-B Mouth Sore Special Care Oral Rinse Soothing Mint - 16 fl oz,Oral-B,4.5,275.0,0.0,9.0
Tampax Radiant Tampons with LeakGuard Braid No scent - 28 ea,Tampax Radiant,4.5,1481.0,0.0,11.99
Ocuvite Adult 50+ Lutein & Omega 3 Eye Vitamin & Mineral Supplement Softgels - 50 ea,Ocuvite,4.5,191.0,0.0,17.99
"Garnier Fructis Triple Nutrition Shampoo, Dry to Very Dry Hair - 12.5 fl oz",Garnier Fructis Triple Nutrition,4.5,756.0,0.0,5.49
"Herpecin-L Cold Sore Relief, Lip Balm Stick, SPF 30 & Lysine - 0.1 oz",Herpecin-L,4.5,36.0,0.0,7.49
Aveeno Daily Moisturizing Lotion with Oat for Dry Skin Fragrance-Free - 18 fl oz,Aveeno,4.5,3518.0,0.0,14.99
Herbal Essences Volumizing Shampoo White Grapefruit & Mosa Mint - 13.5 fl oz,Herbal Essences,4.0,3457.0,0.0,11.99
TRESemme Hairspray Non Aerosol Extra Hold - 10 fl oz,TRESemme,4.0,604.0,0.0,7.99
Dr. Teal's Pure Epsom Salt Soaking Solution Lavender - 3 lb,Dr. Teal's,4.5,1401.0,0.0,5.99
"Crest Glamorous White Mouthwash/ Mouth Rinse, Alcohol Free Artic Mint - 32 fl oz",Crest,4.5,1039.0,0.0,9.0
Walgreens Petroleum Jelly Unscented - 2.5 oz,Walgreens,4.0,107.0,0.0,4.99
Dramamine Original Formula Motion Sickness Relief - 12 ea,Dramamine,4.5,393.0,0.0,9.99
Softsoap Exfoliating Body Wash Scrub Coconut Butter - 20 fl oz,Softsoap,4.5,466.0,0.0,6.99
Vanicream Sensitive Skin Conditioner - 12 fl oz,Vanicream,4.0,240.0,0.0,12.99
Biotene Mouthwash For Dry Mouth Relief Fresh Mint - 16 fl oz,Biotene,4.0,827.0,0.0,8.49
Suave Non Aerosol Hairspray Unscented - 11 fl oz,Suave,4.0,311.0,0.0,4.49
La Roche-Posay Melt-In Milk Face and Body Sunscreen Lotion SPF 60 - 5 fl oz,La Roche-Posay,4.5,1381.0,0.0,37.99
"One A Day Prenatal Advanced Multivitamin With Choline, DHA, Folic Acid and Iron - 120 ea",One A Day,4.5,347.0,0.0,41.99
Blink Moderate-Severe Dry Eye Symptom Relief - 0.34 fl oz,Blink,4.5,248.0,0.0,14.99
Eucerin Advanced Repair Cream - 16 oz,Eucerin,4.5,335.0,0.0,21.99
NeilMed NasaMist Extra Strength Saline Spray - 4.2 oz,NeilMed,4.5,122.0,0.0,6.49
Gillette Venus Sensitive Sensible Sensitive Women's Disposable Razor - 3 ea,Gillette Venus Sensitive Sensible,4.5,370.0,0.0,9.49
Afrin Original Maximum Strength Nasal Spray - 1 fl oz,Afrin,4.0,208.0,0.0,17.99
Fixodent Denture Adhesive Powder - 2.7 oz,Fixodent,4.0,163.0,0.0,6.99
Aussie Paraben Free Conditioner Avocado & Jojoba Oil - 26.2 fl oz,Aussie,4.5,1416.0,0.0,8.99
Softsoap Moisturizing Body Wash Pomegranate and Mango - 20 oz,Softsoap,4.5,431.0,0.0,6.99
Walgreens Regular Pantiliners - 64 ea,Walgreens,4.0,352.0,0.0,2.61
Nexxus Shampoo Keraphix with ProteinFusion - 13.5 Oz,Nexxus,4.5,8660.0,0.0,17.99
Walgreens Travel Bottle 3.4 oz - 4 ea,Walgreens,4.5,48.0,0.0,5.99
"CloSYS Sensitive Toothpaste With Fluoride, Sulfate-Free Mint - 7 oz",CloSYS,4.5,154.0,0.0,0.0
Crest Scope Outlast Mouthwash Fresh Mint - 16.9 fl oz,Crest,4.5,554.0,0.0,4.0
ReNu Advanced Multi-Purpose Solution - 12 oz x 2 pack,ReNu,4.5,283.0,0.0,16.99
"Oral-B Advanced Clean Toothbrushes, Color Changing Bristles Soft Different colors - 4 ea",Oral-B,4.0,694.0,0.0,8.0
Neutrogena Body Clear Wash Salicylic Acid Acne Treatment Pink Grapefruit - 8.5 fl oz,Neutrogena,4.0,528.0,0.0,11.99
Walgreens Certainty Adult Incontinence Underwear for Women Maximum M Blush - 36 ea,Walgreens Certainty,3.5,119.0,0.0,18.99
TRESemme Extra Hold Hairspray Extra Hold - 4.2 oz,TRESemme,4.5,1317.0,0.0,6.99
Walgreens Oral Relief Sore Throat Spray Cherry - 6 fl oz,Walgreens,3.5,105.0,0.0,7.99
Colgate Optic White Renewal Whitening Toothpaste High Impact White - 3 oz,Colgate Optic White,4.5,9477.0,0.0,10.49
"Carefree Regular Panty Liners, Unwrapped Unscented, Regular (120 ct) (Actual Item May Vary) - 120 ea",Carefree,4.5,13145.0,0.0,9.49
"Vicks Sinex Severe Nasal Spray, Original Ultra Fine Mist, Decongestant Medicine - 0.5 fl oz",Vicks Sinex,4.5,331.0,0.0,13.99
Walgreens Prenatal Multivitamin Softgel (30 days) (Packaging May Vary) - 30 ea,Walgreens,4.0,55.0,0.0,13.99
"Delsym 12 Hour Cough Suppressant Liquid, Cough Relief Medicine Orange (Actual Item May Vary) - 3 fl oz",Delsym,4.0,214.0,0.0,15.99
Oral-B Complete Dental Floss Picks Long Lasting Scope - 150 ea,Oral-B Complete,4.5,7494.0,0.0,7.0
Sexy Hair Big Powder Play - 0.53 OZ,Sexy Hair,4.0,327.0,0.0,21.99
"Aveeno Baby Eczema Therapy Soothing Bath Treatment, Oatmeal Fragrance-Free, Single Use Packets - 3.75 oz x 5 pack",Aveeno Baby,4.5,290.0,0.0,8.49
Afrin Severe Congestion Nasal Spray - 0.5 fl oz,Afrin,4.5,324.0,0.0,9.99
"Carefree Acti-Fresh Body Shape Panty Liners Wrapped Unscented, Extra Long - 36 ea",Carefree,3.5,139.0,0.0,5.49
Jergens Ultra Healing Extra Dry Skin Moisturizer Unscented - 21 fl oz,Jergens,4.0,461.0,0.0,8.99
Walgreens Certainty Women's ComfortLux Underwear Maximum Absorbency L (32 ct) Blush - 32 ea,Walgreens Certainty,4.0,163.0,0.0,18.99
Aveeno Daily Moisturizing Oat Body Wash For Dry Skin Unspecified - 18 fl oz,Aveeno,4.5,16269.0,0.0,9.59
PARODONTAX Complete Protection Gingivitis Toothpaste For Bleeding Gums Pure Fresh Mint - 3.4 oz,PARODONTAX,4.5,241.0,0.0,8.49
CloSYS Fresh Breath Sensitive Mouth Rinse Gentle Mint - 32 fl oz,CloSYS,4.5,204.0,0.0,14.99
Dove Glowing Body Wash Mango & Almond Butters - 20 fl oz,Dove,4.0,695.0,0.0,7.0
Nivea Skin Firming & Toning Gel Cream for Normal Skin - 6.7 oz,Nivea,4.5,1971.0,0.0,18.99
Garnier Fructis Sleek & Shine Anti-Frizz Serum - 5.1 fl oz,Garnier Fructis Sleek & Shine,4.0,1105.0,0.0,7.99
Sudafed PE Non-Drowsy Head Congestion + Pain Relief Caplets - 20 ea,Sudafed,4.5,168.0,0.0,10.99
Abreva Docosanol 10% Cold Sore Cream Tube - 0.07 oz,Abreva,3.5,1212.0,0.0,22.99
TheraBreath Healthy Gums Oral Rinse Clean Mint - 16 oz,TheraBreath,4.5,262.0,0.0,9.79
"Summer's Eve Douche, Extra Cleansing Vinegar & Water - 4.5 fl oz x 2 pack",Summer's Eve,4.5,159.0,0.0,3.99
Neutrogena Ultra Sheer Dry-Touch SPF 45 Sunscreen Lotion - 3 fl oz x 2 pack,Neutrogena,4.0,611.0,0.0,19.99
"Walgreens Certainty Adult Incontinence Underwear for Men, Maximum Large Grey - 28 ea",Walgreens Certainty,4.0,89.0,0.0,18.99
Crest Advanced Deep Clean Toothpaste Mint - 10.2 oz,Crest,3.5,326.0,0.0,9.0
SheaMoisture Soothing Body Wash - 13 fl oz,SheaMoisture,4.5,256.0,0.0,10.99
Garnier Fructis Daily Care 2-in-1 Shampoo and Conditioner - 12.5 oz,Garnier Fructis Daily Care,4.0,575.0,0.0,5.49
Tom's of Maine Antiplaque & Whitening Toothpaste Peppermint - 5.5 oz,Tom's of Maine,4.5,278.0,0.0,7.99
Gillette Foamy Foamy Regular Shaving Cream - 11 oz,Gillette Foamy,4.5,362.0,0.0,3.49
"Walgreens Certainty Incontinence Pads, 4 Drop Moderate Absorbency Regular Length - 66 ea",Walgreens Certainty,4.0,268.0,0.0,12.99
"Neutrogena Moisturizing Body Oil, Light Sesame Formula Light Sesame Formula - 8.5 fl oz",Neutrogena,4.5,2823.0,0.0,14.99
"Garnier Fructis Triple Nutrition Conditioner, Dry to Very Dry Hair - 12 fl oz",Garnier Fructis Triple Nutrition,4.5,663.0,0.0,5.49
Efferdent Anti-Bacterial Denture Cleanser - 102 ea,Efferdent,4.5,281.0,0.0,7.79
Listerine Antiseptic Mouthwash Mint - 500 ml,Listerine,4.5,3065.0,0.0,7.49
Aquaphor Healing Ointment - 7 oz,Aquaphor,4.5,793.0,0.0,14.99
Gillette Series Conditioning After Shave Gel - 2.5 fl oz,Gillette Series,4.5,228.0,0.0,2.99
"Gold Bond Medicated Extra Strength Body Lotion, With Menthol - 14 oz",Gold Bond,4.5,208.0,0.0,11.99
Walgreens Maximum Strength Severe Sinus Congestion Caplets - 20 ea,Walgreens,4.5,57.0,0.0,14.49
Pharma-C-Wipes Water Activated Bathing Cloths - 10 ea,Pharma-C-Wipes,4.0,100.0,0.0,2.99
Herbal Essences Hair Repair Conditioner Argan Oil - 13.5 fl oz,Herbal Essences,4.5,2430.0,0.0,11.99
Walgreens Premium Microfiber Lens Wipes - 120 ea,Walgreens,4.0,209.0,0.0,12.49
Dr. Teal's Foaming Bath Lavender - 34 fl oz,Dr. Teal's,4.5,652.0,0.0,5.99
Aveeno Eczema Therapy Daily Moisturizing Cream Fragrance-Free - 12 fl oz,Aveeno,4.5,1285.0,0.0,23.99
Boston Advance Cleaner - 1 oz,Boston,4.5,77.0,0.0,14.99
Walgreens Lubricant Eye Drops - 0.5 fl oz,Walgreens,3.5,71.0,0.0,9.99
Gillette Clear Gel Antiperspirant and Deodorant for Men Cool Wave - 3.8 oz,Gillette,4.0,5358.0,0.0,8.79
Yardley London Nourishing Bath Bar Creamy Coconut - 4 oz,Yardley London,4.5,1000.0,0.0,2.29
Walgreens Maximum Strength Urinary Pain Relief Tablets - 12 ea,Walgreens,4.0,89.0,0.0,7.99
Summer's Eve Deodorant Spray Ultra - 2 oz,Summer's Eve,4.5,267.0,0.0,4.29
"Garnier Fructis Style Anti-Humidity Smoothing Milk, Flexible Hold, Argan Oil - 5.1 fl oz",Garnier Fructis Style,4.5,182.0,0.0,5.99
Opti-Free PureMoist Disinfecting Solution - 10 fl oz,Opti-Free,4.5,52.0,0.0,14.99
Opcon-A Itching & Redness Reliever Eye Drops - 0.5 fl oz,Opcon-A,4.5,180.0,0.0,8.79
"Walgreens Long Super Ultra Thin Pads Unscented, Size 2 (42 ct) - 42 ea",Walgreens,4.5,152.0,0.0,5.99
Jergens Dry Skin Moisturizer Body Lotion Cherry Almond - 21 fl oz,Jergens,4.0,595.0,0.0,8.99
"Poise Postpartum Incontinence Pads Ultimate Long, 6 (27 ct) - 27 ea",Poise,4.0,2272.0,0.0,18.99
Eucerin Intensive Repair Lotion Fragrance Free - 16.9 fl oz,Eucerin,4.0,642.0,0.0,14.99
"Always Pure Cotton Feminine Pads For Women, With Wings, Heavy Unscented, Size 2 (24 ct) - 24 ea",Always,4.5,388.0,0.0,12.99
Banana Boat Sport Ultra Sunscreen Lotion SPF 100 - 4 fl oz,Banana Boat,4.5,49.0,0.0,14.99
Aussie Paraben-Free Miracle Moist Shampoo For Dry Hair Avocado & Jojoba Oil - 26.2 fl oz,Aussie,4.5,2109.0,0.0,8.99
TRESemme 24 Hour Volume Shampoo 24 Hour Body - 28 fl oz,TRESemme,4.0,293.0,0.0,7.29
Dove Dry Spray Antiperspirant Deodorant Cool Essentials - 3.8 oz,Dove,4.5,60911.0,0.0,9.0
"Walgreens Certainty Underpads for Incontinence, Day & Night Protection, Maximum Absorbency Extra Large - 10 ea",Walgreens Certainty,4.0,79.0,0.0,12.99
Sensodyne Sensitive Toothpaste Fresh Mint (Packaging May Vary) - 4 oz,Sensodyne,4.0,3915.0,0.0,7.99
CeraVe Itch Relief Moisturizing Lotion with Pramoxine Hydrochloride for Dry Skin - 16 oz,CeraVe,4.5,467.0,0.0,28.99
"Crest Scope Outlast Mouthwash/ Mouth Rinse, Fresh Mint - 33.8 fl oz",Crest,4.5,430.0,0.0,5.5
NeilMed NasoGEL Drip Free Gel Spray - 1 oz,NeilMed,4.5,166.0,0.0,9.99
TRESemme Silky & Smooth Anti-Frizz Shampoo - 28 fl oz,TRESemme,4.0,1018.0,0.0,7.29
Cetaphil Baby Wash & Shampoo - 7.8 fl oz,Cetaphil Baby,4.5,287.0,0.0,7.99
AXE Body Spray Deodorant Sage & Cedarwood - 4 oz,AXE,4.5,684.0,0.0,7.29
Zicam Intense Sinus Relief No-Drip Relief Nasal Spray - 0.5 oz,Zicam,4.5,326.0,0.0,14.99
Systane Hydration PF - 30 ea,Systane,4.5,143.0,0.0,22.99
Nexxus Conditioner Keraphix with ProteinFusion 13.5 oz - 13.5 fl oz,Nexxus,4.5,8785.0,0.0,19.99
TRESemme Vibrance & Shine Shampoo - 28 fl oz,TRESemme,4.0,229.0,0.0,7.29
Pantene Pro-V Moisturizing Leave In Conditioner Mist - 8.5 fl oz,Pantene Pro-V,4.5,142.0,0.0,6.0
"Cake The Curl Whip, Whipped Curl Mousse - 8.4 oz",Cake,4.0,188.0,0.0,10.99
Walgreens Nasal Saline Mist - 4.5 oz,Walgreens,4.0,100.0,0.0,8.99
Firefly Kids! Light Up Timer Toothbrush - 2 ea,Firefly Kids!,4.5,82.0,0.0,3.49
Afrin No Drip Severe Congestion Nasal Spray Relief - 0.5 fl oz,Afrin,4.5,429.0,0.0,12.99
"Walgreens Certainty Incontinence Pads, 5 Drop Maximum Absorbency Long Length - 39 ea",Walgreens Certainty,4.0,277.0,0.0,12.99
"Degree Men Antiperspirant Deodorant Dry Spray Fresh, 3.8 oz - 3.8 oz",Degree Men,4.5,343.0,0.0,7.49
Walgreens Nasal Strips Extra Strength One Size Clear - 26 ea,Walgreens,3.5,59.0,0.0,9.99
Boston Advance Contact Lens Conditioning Solution - 3.5 oz,Boston,4.5,82.0,0.0,14.99
Garnier Fructis Curl Nourish Sulfate-Free Conditioner for All Curl Types - 12 fl oz,Garnier Fructis Curl Nourish,4.0,810.0,0.0,5.49
Secret Clinical Strength Soft Solid Antiperspirant and Deodorant for Women Light & Fresh - 1.6 oz,Secret,4.5,2196.0,0.0,10.99
Dove Rejuvenating Body Wash Pomegranate & Hibiscus - 20 fl oz,Dove,4.5,940.0,0.0,7.0
"Always Pure Cotton Feminine Pads For Women, With Wings, Regular Unscented, Size 1 (28 ct) - 28 ea",Always,4.5,551.0,0.0,12.99
Aveeno Skin Relief Moisturizing Lotion for Very Dry Skin Fragrance-Free - 18 fl oz,Aveeno,4.5,525.0,0.0,14.99
Diurex Max Caffeine-Free Water Pills - 48 ea,Diurex,4.0,444.0,0.0,9.49
Walgreens Allergy Nasal Spray 120 Sprays - .57 fl oz,Walgreens,4.5,189.0,0.0,16.99
Vaseline Petroleum Jelly Original Original - 7.5 oz,Vaseline,4.5,2907.0,0.0,5.99
"Carmex Medicated Lip Balm Tubes, Lip Moisturizer for Chapped Lips - 0.35 oz x 3 pack",Carmex,4.5,66.0,0.0,5.29
Sensodyne Repair And Protect Teeth Whitening Sensitive Toothpaste - 3.4 oz,Sensodyne,4.0,6893.0,0.0,7.99
Sensodyne Complete Protection Toothpaste For Sensitive Teeth - 3.4 oz,Sensodyne,4.0,1626.0,0.0,7.99
Old Spice Classic Men's Deodorant Stick Original - 3.25 oz,Old Spice,4.0,256.0,0.0,5.79
Walgreens Waxed Dental Tape Mint - 50 yd,Walgreens,4.0,181.0,0.0,1.49
Secret Outlast Invisible Solid Antiperspirant Deodorant Completely Clean - 2.6 oz,Secret,4.5,7138.0,0.0,8.99
"Pamprin Maximum Strength Multi-Symptom, Menstrual Period Symptoms Relief - 40 ea",Pamprin Maximum Strength,4.5,57.0,0.0,7.99
"Ivory Bar Soap Original, 10 bars - 4 oz each - 4 oz x 10 pack",Ivory,4.5,98.0,0.0,9.99
DenTek Fresh Clean Floss Picks Mouthwash Blast Mint - 75 ea,DenTek,4.5,568.0,0.0,3.99
Gillette Foamy Foamy Sensitive Skin Shave Foam - 11 oz,Gillette Foamy,4.5,265.0,0.0,3.49
Walgreens Super Maxi Wingless Pads Super - 24 ea,Walgreens,4.5,166.0,0.0,2.61
Gillette Venus Women's Razor Handle + Blade Refills White Tea Pink - 1 set,Gillette Venus,4.0,1086.0,0.0,11.49
Walgreens Certainty Women's ComfortLux Underwear X-Large Blush - 28 ea,Walgreens Certainty,4.0,178.0,0.0,18.99
Colgate Toothpaste Clean Mint (Packaging May Vary) - 4.8 oz,Colgate,3.5,932.0,0.0,5.0
Yardley of London Nourishing Bath Bar Oatmeal & Almond - 4 oz,Yardley of London,4.5,3918.0,0.0,2.29
TRESemme Extra Hold Alcohol-Free Gel Extra Hold - 9 oz,TRESemme,4.0,787.0,0.0,7.99
Aveeno Daily Moisturizing Lotion with Oat for Dry Skin - 2.5 oz,Aveeno,4.5,3433.0,0.0,4.29
ACT Kids Anticavity Fluoride Mouthwash Bubble Gum Blowout - 16.9 fl oz,ACT,4.5,539.0,0.0,4.79
U by Kotex Clean & Secure Overnight Maxi Pads with Wings Unscented - 14 ea,U by Kotex,4.0,403.0,0.0,6.79
St. Ives Blackhead Clearing Face Scrub Green Tea & Bamboo - 6 oz,St. Ives,4.0,668.0,0.0,5.79
La Roche-Posay Anthelios Melt-in Milk Body and Face Sunscreen Lotion SPF 100 - 3 fl oz,La Roche-Posay,4.5,588.0,0.0,26.99
"G-U-M Soft-Picks Original, Dental Floss Picks - 100 ea",G-U-M,4.5,108.0,0.0,7.49
Olay Ribbons Moisture Ribbons Plus Body Wash Shea + Lavender Oil - 18 fl oz,Olay Ribbons,4.5,192.0,0.0,7.0
Biotrue Travel Pack - 2 oz,Biotrue,4.5,41.0,0.0,3.99
"Gold Bond Therapeutic Foot Cream, With Jojoba & Peppermint Oil - 4 oz",Gold Bond,4.5,297.0,0.0,9.49
Walgreens Sugar-Free Cough Drops Honey Lemon - 25 ea,Walgreens,4.5,181.0,0.0,1.99
Lubriderm Full Body Lotion Fragrance-Free - 16 fl oz,Lubriderm,4.5,1094.0,0.0,11.99
TRESemme Anti-Frizz Conditioner Smooth and Silky - 28 fl oz,TRESemme,4.5,274.0,0.0,7.29
Vaseline Advanced Repair Body Lotion Unscented - 20.3 fl oz,Vaseline,4.5,104.0,0.0,9.79
"Olay Complete Cream, All Day Moisturizer with SPF 15 for Normal Skin - 2 oz",Olay Complete,4.5,380.0,0.0,11.49
ACT Restoring Anticavity Fluoride Mouthwash Cool Mint - 33.8 fl oz,ACT,4.5,194.0,0.0,8.49
Nexxus Sulfate-Free Shampoo with ProteinFusion - 13.5 fl oz,Nexxus,4.0,2277.0,0.0,17.99
Listerine Pocketpaks Fresh Breath Strips Mint - 24 ea x 3 pack,Listerine,4.5,1077.0,0.0,6.29
Nexxus Clarifying Shampoo With ProteinFusion - 13.5 fl oz,Nexxus,4.5,388.0,0.0,17.99
Suave Antiperspirant Deodorant Fresh - 2.6 oz,Suave,4.0,550.0,0.0,3.99
"Aveeno Skin Relief Body Wash, Sensitive Skin Fragrance-Free - 18 fl oz",Aveeno,3.5,507.0,0.0,9.59
L. Cotton Tampons Regular Absorbency No scent - 30 ea,L.,4.5,3668.0,0.0,14.49
Dove Men+Care Body and Face Wash Hydrating Clean Comfort - 18 fl oz,Dove Men+Care,4.5,1161.0,0.0,7.0
Oral-B Advanced Whitening Manual Toothbrush Soft - 1 ea,Oral-B,4.5,577.0,0.0,3.5
Afrin No Drip Extra Moisturizing Nasal Pump Mist - 0.5 fl oz,Afrin,4.0,342.0,0.0,12.99
Eucerin Skin Calming Daily Moisturizing Creme - 14 oz,Eucerin,3.5,228.0,0.0,14.99
Vaseline Petroleum Jelly Cocoa Butter Cocoa Butter - 7.5 oz,Vaseline,4.5,573.0,0.0,5.99
"Always Discreet Incontinence and Postpartum Underwear for Women, Maximum Protection L, Rosy Rosy - 18 ea",Always Discreet,0.0,0.0,0.0,23.49
Lubriderm Daily Moisture Lotion Fragrance-Free - 24 fl oz,Lubriderm Daily Moisture,4.5,697.0,0.0,15.99
Biotene Moisturizing Oral Rinse Mouthwash Fresh Mint - 33.8 fl oz,Biotene,4.0,991.0,0.0,12.49
Vicks Vapocool Sore Throat Spray Winterfrost - 6 fl oz,Vicks,4.0,133.0,0.0,11.99
Garnier Fructis Color Shield Anti-Fade Conditioner for Color-Treated Hair - 12 fl oz,Garnier Fructis Color Shield,3.5,1077.0,0.0,5.49
"Carefree Thong Panty Liners, Unwrapped Unscented, Thong (49 ct) (Actual Item May Vary) - 49 ea",Carefree,4.0,120.0,0.0,5.49
U by Kotex Balance Daily Wrapped Panty Liners Long - 90 ea,U by Kotex,4.5,312.0,0.0,9.99
Dove Men+Care Antiperspirant Deodorant Clean Comfort - 3.8 oz,Dove Men+Care,4.0,1911.0,0.0,9.0
Dove Beauty Bar Soap Shea Butter - 3.75 oz x 6 pack,Dove,4.5,2420.0,0.0,10.0
Cetaphil Deep Cleansing Bars - 4.5 oz x 3 pack,Cetaphil,4.5,396.0,0.0,11.99
"Carmex Medicated Lip Balm Sticks, Lip Moisturizer for Chapped Lips - 0.15 oz x 3 pack",Carmex,4.5,76.0,0.0,5.29
"U by Kotex Balance Thong Liners Unscented, Regular (50 ct) - 50 ea",U by Kotex,4.5,3001.0,0.0,6.99
"La Roche-Posay Lipikar Lotion Daily Repair, Body and Face Moisturizer - 13.52 fl oz",La Roche-Posay,4.5,789.0,0.0,17.99
"L. Ultra Thin Pads for Women, 100% Pure Cotton Top Layer Pads with Wings Unscented, Super - 42 ea",L.,4.5,782.0,0.0,14.49
