Product Name,Brand,Rating,Number of Reviews,Old Price,Primary Price,Unit Price
Vaseline Lip Therapy Lip Balm Mini Original  - 0.25 oz,Vaseline,4.0 out of 5,(222),,$2.99,$11.96  / oz
Plan B One-Step Emergency Contraceptive  - 1 ea,Plan B,4.0 out of 5,(1630),,$49.99,$49.99  / ea
Primatene Mist Epinephrine Inhalation Aerosol 160 Metered Sprays  - 1 ea,Primatene,4.0 out of 5,(1513),,$32.99,$80.46  / oz
Opti-Free PureMoist Multi-Purpose Disinfecting Solution  - 10 fl oz   x 2 pack,Opti-Free,4.5 out of 5,(779),,$22.99,$1.15  / oz
"Poise Postpartum Incontinence Pads, Long 6 Drop Ultimate Absorbency Long Length (ct 45)  - 45 ea",Poise,4.0 out of 5,(3022),old price$24.99strike through,2/$44.00or1/$24.992/$44.00or1/$24.99,$0.56/ ea
Cepacol Extra Strength Sore Throat Relief Lozenges Honey Lemon  - 16 ea,Cepacol,4.5 out of 5,(274),,$5.99,$0.37  / ea
Crest Complete Whitening Toothpaste Minty Fresh  - 5.4 oz,Crest Complete,4.5 out of 5,(12357),old price$5.29strike through,$4.00$4.00,$0.74/ oz
Vaseline Soothing Hydration Hand and Body Lotion Aloe Soothe  - 10 fl oz,Vaseline,4.0 out of 5,(963),,$5.99,$0.60  / oz
Biotene Moisturizing Mouth Spray Gentle Mint  - 1.5 fl oz,Biotene,4.0 out of 5,(532),,$8.49,$5.66  / oz
BIC Smooth Scented Women's Disposable Razor Lavender  - 4 ea,BIC,4.5 out of 5,(837),,$6.99,$1.75  / ea
Biotene Dry Mouth Lozenges For Fresh Breath Refreshing Mint  - 27 ea,Biotene,4.5 out of 5,(648),,$8.49,$0.31  / ea
Vaseline Nourishing Moisture Body Lotion Essential Healing  - 10 fl oz,Vaseline,4.0 out of 5,(1156),,$5.99,$0.60  / oz
Colgate Toothpaste with Mini Breath Strips Cool Mint  - 6 oz,Colgate,4.5 out of 5,(687),old price$5.29strike through,$4.00$4.00,$0.67/ oz
"Olay Complete Daily Moisturizer with Sunscreen SPF 15, Sensitive Fragrance-Free  - 4 fl oz",Olay Complete,4.5 out of 5,(591),,$11.99,$3.00  / oz
Cepacol Extra Strength Sore Throat & Cough Relief Lozenges Mixed Berry  - 16 ea,Cepacol,4.5 out of 5,(250),,$5.99,
Nivea Essentially Enriched Body Lotion  - 16.9 fl oz,Nivea,4.5 out of 5,(3299),,$10.99,$0.65  / oz
Softsoap Hand Soap Pump Aloe  - 7.5 fl oz,Softsoap,3.0 out of 5,(1116),,$2.49,$0.33  / oz
Walgreens Fingertip Pulse Oximeter  - 1 ea,Walgreens,4.5 out of 5,(4857),old price$44.99strike through,$34.99$34.99,
Walgreens Digital Thermometer 30 Second Rigid-Tip  - 1 ea,Walgreens,3.5 out of 5,(1003),,$9.99,
Take Action Emergency Contraceptive  - 1 EA,Take Action,4.0 out of 5,(1034),,$39.99,$39.99  / ea
Crest Pro-Health Advanced Extra Whitening Toothpaste  - 3.5 oz,Crest Pro-Health Advanced,4.5 out of 5,(579),old price$4.29strike through,$4.00$4.00,$1.14/ oz
"Walgreens Certainty Underpads, Maximum Absorbency XL (30 ct)  - 30 ea",Walgreens Certainty,4.5 out of 5,(1451),old price$18.99strike through,2/$32.00or1/$18.992/$32.00or1/$18.99,
Oral-B Dental Floss Picks Scope Flavor  - 75 ea,Oral-B,4.5 out of 5,(7983),old price$5.29strike through,$4.00$4.00,$0.05/ ea
"Walgreens Certainty Overnight Incontinence Pads, Ultimate Absorbency  - 30 ea",Walgreens Certainty,4.5 out of 5,(1347),old price$12.99strike through,2/$22.00or1/$12.992/$22.00or1/$12.99,$0.43/ ea
Vanicream Moisturizing Cream  - 1 lb,Vanicream,4.5 out of 5,(422),,$16.99,$1.06  / oz
Tena Intimates Extra Coverage Overnight Incontinence Pads  - 28 ea,Tena,4.5 out of 5,(1170),old price$17.99strike through,2/$32.00or1/$16.992/$32.00or1/$16.99,$0.61/ ea
"Always Infinity Pads, Heavy, with Wings Unscented, Size 2 (32 ct)  - 32 ea",Always,4.5 out of 5,(1451),,$11.99,$0.37  / ea
"Garnier Fructis Sleek & Shine Fortifying Shampoo for Frizzy, Dry Hair  - 12.5 fl oz",Garnier Fructis Sleek & Shine,4.0 out of 5,(2046),,$5.49,$0.44  / oz
L'Oreal Paris Elvive Total Repair 5 Repairing Shampoo for Damaged Hair  - 12.6 fl oz,L'Oreal Paris Elvive,4.5 out of 5,(784),old price$5.99strike through,2/$10.00or1/$5.492/$10.00or1/$5.49,$0.44/ oz
"Walgreens Certainty Incontinence Guards for Men, Maximum Absorbency  - 52 ea",Walgreens Certainty,4.0 out of 5,(982),old price$12.99strike through,2/$22.00or1/$12.992/$22.00or1/$12.99,$0.25/ ea
"CeraVe SA Lotion, Lightweight Exfoliating Salicylic Body Lotion for Rough & Bumpy Skin Fragrance Free  - 8 fl oz",CeraVe,4.5 out of 5,(1866),,$19.99,$2.50  / oz
Dove Deep Moisture Body Wash  - 20 fl oz,Dove,4.5 out of 5,(7866),old price$8.79strike through,$7.00$7.00,$0.35/ oz
Crest Pro-Health Advanced Extra Teeth Whitening Toothpaste  - 5.1 oz,Crest Pro-Health Advanced,4.5 out of 5,(415),old price$5.29strike through,$5.00$5.00,$0.98/ oz
"Always Infinity Feminine Pads for Women with Wings, Extra Heavy Overnight Unscented, Size 5  - 22 ea",Always,4.5 out of 5,(1008),,$11.99,$0.55  / ea
"Garnier Fructis Grow Strong Shampoo, For Stronger, Healthier, Shinier Hair  - 12.5 fl oz",Garnier Fructis Grow Strong,4.0 out of 5,(1324),,$5.49,$0.44  / oz
First Response Triple Check Pregnancy Test  - 3 ea,First Response,4.0 out of 5,(564),,$24.99,$8.33  / ea
Clear Care Triple Action Cleaning & Disinfecting Solution  - 24 oz   x 2 pack,Clear Care,4.5 out of 5,(547),,$19.99,$0.83  / oz
"Walgreens Adult Washcloths Fresh, 12 x 8 White  - 48 ea",Walgreens,4.5 out of 5,(571),,$9.99,$0.21  / sheet
"Always Maxi Overnight Pads with Wings for Women, Extra Heavy Overnight Absorbency Unscented, Size 5 (27 ct)  - 27 ea",Always,4.5 out of 5,(2831),,$12.99,$0.48  / ea
Blink For Soft and RGP Contact Lenses  - 0.34 fl oz,Blink,4.5 out of 5,(547),,$7.99,$23.50  / oz
L'Oreal Paris Elvive Dream Lengths Restoring Shampoo  - 12.6 fl oz,L'Oreal Paris Elvive,4.5 out of 5,(576),old price$5.99strike through,2/$10.00or1/$5.492/$10.00or1/$5.49,$0.44/ oz
Olay Fresh Outlast Body Wash Birch Water & Lavender  - 22 fl oz,Olay,4.5 out of 5,(251),old price$8.29strike through,$7.00$7.00,$0.32/ oz
SheaMoisture Kids Extra Moisturizing Detangler Coconut and Hibiscus  - 8 oz,SheaMoisture,4.5 out of 5,(311),,$12.99,$1.62  / oz
Clear Care Plus Cleaning & Disinfecting Solution with HydraGlyde  - 12 fl oz   x 2 pack,Clear Care,4.0 out of 5,(336),,$19.99,$0.83  / oz
"La Roche-Posay Lipikar Triple Repair Lotion, Body and Face Moisturizer  - 13.52 fl oz",La Roche-Posay,4.5 out of 5,(2953),,$19.99,$1.48  / oz
"Garnier Fructis Sleek & Shine Fortifying Conditioner for Frizzy, Dry Hair  - 12 fl oz",Garnier Fructis Sleek & Shine,4.5 out of 5,(1477),,$5.49,$0.46  / oz
L'Oreal Paris Elvive Dream Lengths Conditioner  - 12.6 fl oz,L'Oreal Paris Elvive,4.5 out of 5,(512),old price$5.99strike through,2/$10.00or1/$5.492/$10.00or1/$5.49,$0.44/ oz
CeraVe Face & Body Moisturizing Cream with Pump for Normal to Dry Skin Unscented  - 16 oz,CeraVe,4.5 out of 5,(16383),,$19.99,$1.25  / oz
"Olay Ultra Moisture Body Wash Coconut Oil, 22 oz  - 22 fl oz",Olay Ultra Moisture,4.5 out of 5,(280),old price$8.29strike through,$7.00$7.00,$0.32/ oz
"Garnier Whole Blends Repairing Shampoo, Honey Treasures  - 12.5 fl oz",Garnier Whole Blends,4.0 out of 5,(21943),,$5.99,$0.48  / oz
"Vaseline Body Gel Oil, Cocoa Radiant for Glowing Skin Cocoa Radiant  - 6.8 fl oz",Vaseline,4.0 out of 5,(323),,$9.49,$1.40  / oz
CeraVe Moisturizing Face and Body Lotion with Hyaluronic Acid for Normal to Dry Skin Unscented  - 16 fl oz,CeraVe,4.5 out of 5,(8893),,$18.99,$1.19  / oz
L'Oreal Paris Elvive Total Repair Extreme Renewing Conditioner  - 12.6 fl oz,L'Oreal Paris Elvive,4.5 out of 5,(306),old price$5.99strike through,2/$10.00or1/$5.492/$10.00or1/$5.49,$0.44/ oz
Gold Bond Age Renew Neck & Chest Skin Firming Age Renew Cream Fragrance Free  - 2 oz,Gold Bond,4.0 out of 5,(4081),,$13.99,$7.00  / oz
Nexxus Comb Thru Finishing Mist  - 10 oz,Nexxus,4.0 out of 5,(461),,$17.99,
L'Oreal Paris Elvive Total Repair 5 Repairing Conditioner for Damaged Hair  - 12.6 fl oz,L'Oreal Paris Elvive,4.0 out of 5,(460),old price$5.99strike through,2/$10.00or1/$5.492/$10.00or1/$5.49,$0.44/ oz
Walgreens Cough Drops Honey Lemon  - 200 ea,Walgreens,4.5 out of 5,(375),old price$7.99strike through,$6.49$6.49,$0.03/ ea
"Always Discreet Adult Incontinence Pads for Women, Postpartum Pads No scent, Light Absorbency, Regular Length  - 30 ea",Always Discreet,4.5 out of 5,(524),,$7.99,$0.27  / ea
"Always Discreet Adult Incontinence Pads for Women, Moderate Absorbency, Regular Length Regular Length  - 66 ea",Always Discreet,4.5 out of 5,(4),old price$19.99strike through,2/$30.00or1/$18.992/$30.00or1/$18.99,$0.29/ ea
"Colgate Adult Manual Full Head Toothbrush, Soft One Size Multicolor (Packaging May Vary) - 1 ea",Colgate,4.5 out of 5,(360),,2/$2.00or1/$1.29,$1.29  / ea
Colgate MaxFresh Toothpaste with Mini Breath Strips Clean Mint (Packaging May Vary) - 6 oz,Colgate MaxFresh,4.5 out of 5,(295),old price$5.29strike through,$4.00$4.00,$0.67/ oz
Polident 3 Minute Antibacterial Denture Cleanser Effervescent Tablets Triple Mint  - 120 ea,Polident,4.5 out of 5,(253),,$8.49,$0.07  / ea
Olay Fresh Outlast Body Wash White Strawberry & Mint  - 22 fl oz,Olay Fresh Outlast,4.5 out of 5,(52382),old price$8.29strike through,$7.00$7.00,$0.32/ oz
Nexxus Maxximum Finishing Mist for Control  - 10 oz,Nexxus,4.0 out of 5,(259),,$17.99,
Walgreens Long Pantiliners Unscented  - 92 ea,Walgreens,4.0 out of 5,(395),old price$5.99strike through,$4.49$4.49,$0.05/ ea
"Gold Bond Healing Hand Cream, With Aloe to Soothe & Comfort  - 3 oz",Gold Bond,4.5 out of 5,(1857),,$4.79,$1.60  / oz
"Garnier Whole Blends Repairing Conditioner, Honey Treasures  - 12.5 fl oz",Garnier Whole Blends,4.0 out of 5,(20917),,$5.99,$0.48  / oz
Softsoap Liquid Hand Soap Pump Fresh Clear  - 7.5 fl oz,Softsoap,4.0 out of 5,(1237),,$2.49,$0.33  / oz
Chloraseptic Sore Throat Lozenges Cherry (Actual Item May Vary) - 18 ea,Chloraseptic,4.0 out of 5,(161),,$6.49,$0.36  / ea
Ricola Cough Drops Original (Actual Item May Vary) - 21 ea,Ricola,4.5 out of 5,(433),,2/$7.00or1/$3.99,$0.19  / ea
Crest Whitening Plus Scope Toothpaste  - 5.4 oz   x 2 pack,Crest,4.5 out of 5,(8041),old price$8.29strike through,$7.00$7.00,$0.65/ oz
"Olay Complete Lotion Moisturizer with SPF 15, Sensitive Skin Fragrance-Free  - 6 fl oz",Olay Complete,4.5 out of 5,(555),,$16.99,$2.83  / oz
Nivea Shea Nourish Body Lotion  - 16.9 fl oz,Nivea,4.5 out of 5,(482),,$10.99,$0.65  / oz
Nivea Intense Healing Body Lotion  - 16.9 fl oz,Nivea,4.5 out of 5,(360),,$10.99,$0.65  / oz
Ricola Herb Throat Drops Sugar Free Lemon Mint (Actual Item May Vary) - 19 ea,Ricola,4.5 out of 5,(277),,2/$7.00or1/$3.99,$0.21  / ea
Nivea Body Lotion Cocoa Butter  - 16.9 fl oz,Nivea,4.5 out of 5,(1298),,$10.99,
Olay Complete Lotion Moisturizer with SPF 15 Normal  - 4 fl oz,Olay Complete,4.5 out of 5,(210),,$11.99,$3.00  / oz
ChapStick Flavored Lip Balm Tube Classic Cherry  - 0.15 oz,ChapStick,4.0 out of 5,(19896),,$1.99,
Luden's Throat Drops Wild Cherry  - 90 ea,Luden's,4.0 out of 5,(271),,$5.99,$0.07  / ea
Colgate Total Toothpaste Gel Fresh Mint Stripe  - 3.3 oz,Colgate Total,4.5 out of 5,(413),old price$5.29strike through,$4.00$4.00,$1.21/ oz
Pantene Daily Moisture Renewal 72 Hour Lush Moisture Shampoo  - 12 OZ,Pantene,4.5 out of 5,(390),old price$5.99strike through,$5.00$5.00,$0.42/ oz
Walgreens 24 Hour Relief Allergy Nasal Spray  - .62 fl oz,Walgreens,4.5 out of 5,(135),,$22.99,$37.08  / oz
ChapStick Classic Lip Balm Tube Strawberry  - 0.15 oz,ChapStick,4.5 out of 5,(68),,$1.99,$13.27  / oz
Crest Advanced Deep Clean Toothpaste Mint  - 5.1 oz,Crest,4.0 out of 5,(588),old price$5.29strike through,$5.00$5.00,$0.98/ oz
"Gold Bond Medicated Original Strength Body Powder, Talc-Free  - 10 oz",Gold Bond,4.0 out of 5,(534),,2/$16.00or1/$8.49,$0.85  / oz
Burt's Bees Kids Toothpaste Strawberry Splash  - 4.7 oz,Burt's Bees,4.0 out of 5,(164),,$4.79,$1.02  / oz
Ricola Echinacea Cough Drops Honey Lemon (Actual Item May Vary) - 19 ea,Ricola,4.5 out of 5,(112),,2/$7.00or1/$3.99,$0.21  / ea
ChapStick Lip Balm Tropical Paradise  - 0.15 oz,ChapStick,4.0 out of 5,(86),,$1.99,
ChapStick Moisturizer SPF 15 Original  - .15 oz,ChapStick,2.5 out of 5,(130),,$1.99,
Calmoseptine Calmoseptine Ointment to Prevent & Heal Skin Irritations  - 4 oz,Calmoseptine,4.5 out of 5,(618),,$11.49,
PreserVision AREDS 2 Formula Eye Vitamin & Mineral Supplement Softgels  - 120 ea,PreserVision,4.5 out of 5,(1851),,$39.99,$0.33  / ea
AZO Urinary Pain Relief Maximum Strength Tablets  - 12 EA,AZO,4.5 out of 5,(1163),,$11.99,$1.00  / ea
Monistat 1 Day or Night Ovule Insert Plus External Cream Combination Pack  - 1 set,Monistat 1,3.5 out of 5,(321),,$25.99,$25.99  / ea
Purell Advanced Hand Sanitizer Gel  - 2 fl oz,Purell,4.5 out of 5,(114),old price$2.79strike through,$2.09$2.09,$1.04/ oz
OraQuick In-Home HIV Test  - 1 ea,OraQuick,4.5 out of 5,(277),,$49.99,
Crest 3D Whitestrips Professional Effects Teeth Whitening Kit  - 1 set,Crest,4.0 out of 5,(4781),old price$63.99strike through,$45.99$45.99,$2.30/ ea
Bausch + Lomb Eye Wash  - 4 fl oz,Bausch + Lomb,4.5 out of 5,(262),,$5.49,$1.37  / oz
Crest Pro-Health Multi Protection Oral Rinse Clean Mint  - 33.8 fl oz,Crest Pro-Health,4.5 out of 5,(4314),old price$6.99strike through,$6.00$6.00,$0.18/ oz
Abreva Docosanol 10% Cold Sore Cream Tube (Actual Item May Vary) - 0.07 oz,Abreva,4.0 out of 5,(1464),,$22.99,$328.43  / oz
Walgreens Premium Saline Nasal Moisturizing Spray  - 3 fl oz,Walgreens,4.0 out of 5,(31),,$6.99,$2.33  / oz
Vanicream Shampoo  - 12 fl oz,Vanicream,4.5 out of 5,(435),,$12.99,$1.08  / oz
"CeraVe SA Body Wash, Gentle Exfoliating Salicylic Acid Cleanser for Rough & Bumpy Skin  - 10 fl oz",CeraVe,4.5 out of 5,(275),,$13.99,$1.40  / oz
RepHresh Odor Eliminating Vaginal Gel  - 4 ea,RepHresh,4.0 out of 5,(11458),,$29.99,$107.11  / oz
SheaMoisture Smoothie Curl Enhancing Cream Coconut and Hibiscus  - 12 oz,SheaMoisture,4.0 out of 5,(720),,$13.99,
"Olay Ultra Moisture Ultra Moisture Bar Soap Shea Butter, 6 bars, 4 oz each  - 3.75 oz   x 6 pack",Olay Ultra Moisture,4.0 out of 5,(403),old price$9.99strike through,$8.29$8.29,$0.37/ oz
"Always Radiant Feminine Pads For Women, Regular, With Wings Light Clean, Size 1 (30 ct)  - 30 ea",Always,4.5 out of 5,(1805),,$11.99,$0.40  / ea
Softsoap Antibacterial Liquid Hand Soap Pump Crisp Clean  - 11.25 fl oz,Softsoap,4.5 out of 5,(267),,$3.29,$0.29  / oz
Refresh Mega-3 Lubricant Eye Drops Preservative-Free  - 0.01 fl oz   x 30 pack,Refresh,4.5 out of 5,(2480),,$21.99,$0.73  / ea
Dial Body Wash Gold Gold  - 16 fl oz,Dial,4.5 out of 5,(471),,$6.29,$0.39  / oz
"Walgreens Incontinence Briefs with Tabs, Unisex, Maximum Absorbency Large  - 32 ea",Walgreens,4.0 out of 5,(140),old price$18.99strike through,2/$32.00or1/$18.992/$32.00or1/$18.99,$0.59/ ea
La Roche-Posay Anthelios Sunscreen for Face SPF 50 Tinted  - 1.7 fl oz,La Roche-Posay Anthelios,4.0 out of 5,(2762),,$37.99,$22.35  / oz
"Garnier Fructis Pure Clean Fortifying Shampoo, With Aloe and Vitamin E Extract  - 12.5 fl oz",Garnier Fructis Pure Clean,4.0 out of 5,(1375),,$5.49,$0.44  / oz
Walgreens Cool Mist Humidifier  - 1 ea,Walgreens,3.5 out of 5,(232),,$31.99,
Bausch + Lomb Lumify Redness Reliever Eye Drops  - 0.08 fl oz,Bausch + Lomb Lumify,4.5 out of 5,(2562),,$18.99,$237.37  / oz
Bausch + Lomb Biotrue Multi-Purpose Solution  - 10 oz   x 2 pack,Bausch + Lomb,4.5 out of 5,(694),,$19.99,$1.00  / oz
"Tampax Pearl Tampons, with LeakGuard Braid No scent, Ultra Absorbency  - 18 ea",Tampax Pearl,4.5 out of 5,(1245),,$6.99,$0.39  / ea
"Depend Incontinence Guards for Men, Maximum Absorbency  - 52 ea",Depend,4.0 out of 5,(639),old price$18.99strike through,2/$30.00or1/$18.992/$30.00or1/$18.99,$0.37/ ea
"Olay Age Defy Age Defy Bar Soap, Vitamin E 6 bars, 3.75 oz each  - 3.75 oz   x 6 pack",Olay Age Defy,4.0 out of 5,(341),old price$9.99strike through,$8.29$8.29,$0.37/ oz
Opti-Free RepleniSH Multi-Purpose Disinfection Solution Value Pack  - 2 ea   x 2 pack,Opti-Free,4.5 out of 5,(231),,$19.99,$1.00  / oz
CeraVe Moisturizing Face and Body Lotion with Hyaluronic Acid for Normal to Dry Skin Unscented  - 8 fl oz,CeraVe,4.5 out of 5,(8791),,$14.99,$1.87  / oz
CeraVe Healing Ointment  - 5 oz,CeraVe,4.5 out of 5,(1415),,$12.99,$2.60  / oz
"Oral-B Super Floss Pre-Cut Strands, Dental Floss for Bridges, Braces and Wide Spaces Mint  - 50 ea",Oral-B,3.5 out of 5,(419),old price$5.29strike through,$4.00$4.00,$0.08/ ea
Crest Pro-Health Advanced Gum Protection Toothpaste  - 3.5 oz,Crest Pro-Health Advanced,4.0 out of 5,(459),old price$4.29strike through,$4.00$4.00,
Rogaine Men's 5% Minoxidil Foam For Hair Regrowth Unscented  - 2.11 oz   x 3 pack,Rogaine,3.5 out of 5,(923),,$74.99,$11.85  / oz
"Oral-B EssentialFloss, Cavity Defense Mint  - 54 yd",Oral-B,4.5 out of 5,(187),,$2.79,$0.05  / yd
"Walgreens Certainty Premium Underpads, Day & Night Protection, Ultimate Absorbency X-Large  - 8 ea",Walgreens Certainty,4.5 out of 5,(313),old price$12.99strike through,2/$22.00or1/$12.992/$22.00or1/$12.99,
Sudafed PE Day + Night Maximum Strength Sinus Decongestant  - 20 ea,Sudafed,4.0 out of 5,(198),,$10.99,$0.55  / ea
Vanicream Gentle Body Wash Fragrance Free  - 12 fl oz,Vanicream,4.5 out of 5,(185),,$11.99,$1.00  / oz
Always Discreet Adult Incontinence Underwear for Women S/ M (32 ct)  - 32 ea,Always Discreet,4.5 out of 5,(125),old price$23.99strike through,2/$40.00or1/$23.492/$40.00or1/$23.49,$0.73/ ea
Crest Scope Classic Mouthwash Original Mint  - 33.8 fl oz,Crest,4.5 out of 5,(1090),old price$5.99strike through,$5.50$5.50,$0.16/ oz
"Tampax Pearl Tampons Trio Multipack, with LeakGuard Braid No scent  - 34 ea",Tampax Pearl,4.5 out of 5,(971),,$11.99,$0.35  / ea
"Walgreens Certainty Incontinence Pads, 6 Drop Ultimate Absorbency Long Length  - 45 ea",Walgreens Certainty,4.0 out of 5,(570),old price$18.99strike through,2/$32.00or1/$18.992/$32.00or1/$18.99,$0.42/ ea
SheaMoisture Bar Soap  - 8 oz,SheaMoisture,4.0 out of 5,(952),,$6.79,$0.85  / oz
Colgate Stain Fighter Whitening Toothpaste Gel Fresh Mint Gel  - 4.2 oz,Colgate,4.5 out of 5,(925),old price$4.99strike through,$4.00$4.00,$0.95/ oz
"Vicks Sinex Severe Nasal Spray, Moisturizing Ultra Fine Mist with Aloe, Decongestant  - 0.5 fl oz",Vicks Sinex,4.5 out of 5,(390),,$13.99,$27.98  / oz
NeilMed Nasa Mist All In One Saline Spray  - 6 fl oz,NeilMed,4.0 out of 5,(174),,$11.99,
"Always Anti-Bunch Xtra Protection Daily Liners Unscented, Long (108 ct)  - 108 ea",Always,4.5 out of 5,(947),,$12.99,$0.12  / ea
TRESemme Hydrating Shampoo Moisture Rich  - 28 fl oz,TRESemme,4.0 out of 5,(1266),,$7.29,$0.26  / oz
"Always Ultra Thin Feminine Pads With Wings for Women, Long Super Unscented, Size 2 (42 ct)  - 42 ea",Always,4.5 out of 5,(1805),,$12.99,$0.31  / ea
Aveeno Skin Relief Repairing Foot Mask For Dry Skin Fragrance Free  - 1 pr,Aveeno,4.0 out of 5,(516),,$3.99,
Vicks Warm Mist Humidifier  - 1 ea,Vicks,4.5 out of 5,(826),,$44.99,
Blink Mild-Moderate Dry Eye Symptom Relief  - 0.5 fl oz,Blink,4.5 out of 5,(192),,$14.99,$29.98  / oz
Q-tips Cotton Swabs Original  - 625 ea,Q-tips,4.0 out of 5,(2077),,$6.79,$0.01  / ea
Always Discreet Adult Incontinence Underwear for Women XL (26 ct)  - 26 ea,Always Discreet,4.5 out of 5,(66),old price$23.99strike through,2/$40.00or1/$23.492/$40.00or1/$23.49,$0.90/ ea
Walgreens Small Room Humidifier  - 1 ea,Walgreens,4.0 out of 5,(349),,$27.99,$27.99  / ea
Walgreens Certainty Women's Overnight ComfortLux Underwear Large  - 16 ea,Walgreens Certainty,4.0 out of 5,(149),old price$12.99strike through,2/$22.00or1/$12.992/$22.00or1/$12.99,$0.81/ ea
"Always Discreet Incontinence Panty Liners for Bladder Leaks, Very Light Long, 2 (44 ct)  - 44 ea",Always Discreet,4.5 out of 5,(28),,$7.99,$0.18  / ea
Dove Sensitive Skin Body Wash  - 20 fl oz,Dove,4.5 out of 5,(6655),old price$8.79strike through,$7.00$7.00,$0.35/ oz
TRESemme Conditioner Moisture Rich  - 28 fl oz,TRESemme,4.5 out of 5,(1240),,$7.29,$0.26  / oz
TYLENOL Sinus Severe Non-Drowsy Day Cold & Flu Relief Caplets  - 24 ea,TYLENOL,4.5 out of 5,(224),,$12.49,
Bausch + Lomb Lumify Redness Reliever Eye Drops  - 0.25 fl oz,Bausch + Lomb Lumify,4.5 out of 5,(756),,$29.99,$119.96  / oz
"Always Radiant Teen Pads, Regular, With Wings Scented, Size 1 (28 ct)  - 28 ea",Always,4.5 out of 5,(1471),,$11.99,$0.43  / ea
Oral-B Advanced Whitening Charcoal Toothbrush Medium Black  - 1 ea,Oral-B,4.5 out of 5,(459),old price$4.99strike through,$4.00$4.00,$4.00/ ea
Omron 10 Series Wireless Upper Arm Blood Pressure Monitor (BP7450)  - 1 ea,Omron,4.0 out of 5,(882),old price$109.99strike through,$89.99$89.99,
"ACT Anticavity Fluoride Mouthwash, Triple Action Mint (Packaging May Vary) - 18 fl oz",ACT,4.5 out of 5,(348),,$5.99,$0.33  / oz
Walgreens Vaporizing Steam Liquid  - 8 fl oz,Walgreens,4.0 out of 5,(148),,2/$18.00or1/$9.99,
Walgreens Replacement Humidifier Filter  - 1 ea,Walgreens,4.5 out of 5,(265),,$10.99,
Fisherman's Friend Extra Strong Menthol Cough Suppressant Lozenges Original  - 38 ea,Fisherman's Friend,4.5 out of 5,(160),,$4.99,$0.13  / ea
"Always Infinity Pads, Heavy, Without Wings Unscented, Size 2  - 32 ea",Always,4.5 out of 5,(1637),,$11.99,$0.37  / ea
Vaseline Petroleum Jelly Original  - 1.75 oz,Vaseline,4.5 out of 5,(3142),,$3.29,$1.88  / oz
Walgreens Certainty Women's ComfortLux Underwear XX-Large Blush  - 12 ea,Walgreens Certainty,4.5 out of 5,(701),old price$12.99strike through,2/$22.00or1/$12.992/$22.00or1/$12.99,$1.08/ ea
Walgreens Squeeze Bottle Kit Sinus Wash  - 1 set,Walgreens,3.5 out of 5,(82),,$11.99,$0.40  / ea
"G-U-M Soft-Picks Advanced, Dental Floss Picks  - 60 ea",G-U-M,4.0 out of 5,(137),,$7.79,$0.13  / ea
Aquaphor Advance Therapy Healing Ointment Fragrance Free  - 14 oz,Aquaphor,4.5 out of 5,(1517),,$19.99,$1.43  / oz
Always Discreet Adult Incontinence Underwear for Women L (28 ct)  - 28 ea,Always Discreet,4.0 out of 5,(78),old price$23.99strike through,2/$40.00or1/$23.492/$40.00or1/$23.49,$0.84/ ea
O'Keeffe's Working Hands Hand Cream  - 2.7 oz,O'Keeffe's,4.5 out of 5,(264),,$7.99,$2.96  / oz
Mielle Organics Rosemary Mint Growth Oil  - 2 fl oz,Mielle Organics,4.5 out of 5,(5811),,$10.99,
Garnier Fructis Color Shield Anti-Fade Shampoo for Color-Treated Hair  - 12.5 fl oz,Garnier Fructis Color Shield,4.0 out of 5,(1182),,$5.49,$0.44  / oz
SheaMoisture Bar Soap African Black Soap  - 5 oz,SheaMoisture,4.0 out of 5,(392),,$6.79,$1.36  / oz
L'Oreal Paris Elvive Volume Filler Thickening Shampoo  - 12.6 fl oz,L'Oreal Paris Elvive,4.0 out of 5,(328),old price$5.99strike through,2/$10.00or1/$5.492/$10.00or1/$5.49,$0.44/ oz
Dove Beauty Bar Soap Sensitive  - 3.75 oz   x 6 pack,Dove,4.5 out of 5,(3299),old price$11.49strike through,$10.00$10.00,$0.44/ oz
Walgreens Daytime Severe Sinus Caplets Cool Blast  - 24 ea,Walgreens,4.5 out of 5,(138),,$8.99,$0.37  / ea
"Walgreens Maxi Pads, Overnight, Wingless Unscented  - 48 ea",Walgreens,4.5 out of 5,(273),old price$5.79strike through,$4.34$4.34,$0.09/ ea
Nature's Bounty Optimal Solutions Essential Prenatal Gummies Mixed Berry  - 50 ea,Nature's Bounty Optimal Solutions,4.0 out of 5,(128),,$15.99,$0.32  / ea
Eucerin Eczema Relief Body Cream  - 8 oz,Eucerin,4.5 out of 5,(479),,$15.99,$2.00  / oz
Boston Simplus Multi-Action Solution for Rigid Gas Permeable Contact Lenses  - 3.5 oz,Boston,4.5 out of 5,(139),,$14.99,$4.28  / oz
Olay Fresh Outlast Body Wash Orchid & Black Currant  - 22 fl oz,Olay Fresh Outlast,4.5 out of 5,(161),old price$8.29strike through,$7.00$7.00,$0.32/ oz
"Garnier Fructis Grow Strong Conditioner, For Stronger, Healthier, Shinier Hair  - 12 fl oz",Garnier Fructis Grow Strong,4.5 out of 5,(1079),,$5.49,$0.46  / oz
"Always Maxi Overnight Pads with Wings for Women Unscented, Size 4 (33 ct)  - 33 ea",Always,4.5 out of 5,(2447),,$12.99,$0.39  / ea
"Walgreens Certainty Certainty Women's Overnight Underwear, Ultimate Absorbency S/ M  - 18 ea",Walgreens Certainty,4.0 out of 5,(87),old price$12.99strike through,2/$22.00or1/$12.992/$22.00or1/$12.99,$0.72/ ea
CeraVe Face and Body Moisturizing Cream for Normal to Dry Skin with Hyaluronic Acid  - 8 fl oz,CeraVe,4.5 out of 5,(15925),,$14.99,$1.87  / oz
"Always Feminine Pads for Women with wings No scent, Size 4 Overnight  - 26 ea",Always,4.5 out of 5,(1395),,$11.99,$0.46  / ea
Dove Refreshing Body Wash Cucumber & Green Tea  - 20 fl oz,Dove,4.5 out of 5,(3246),old price$8.79strike through,$7.00$7.00,$0.35/ oz
CeraVe Moisturizing Face and Body Lotion with Hyaluronic Acid for Normal to Dry Skin Unscented  - 12 fl oz,CeraVe,4.5 out of 5,(8808),,$15.99,$1.33  / oz
Walgreens Sugar-Free Cough Drops Menthol  - 150 ea,Walgreens,4.5 out of 5,(357),old price$7.99strike through,$6.49$6.49,$0.04/ ea
"Tampax Pearl Tampons, with LeakGuard Braid No scent  - 36 ea",Tampax Pearl,4.5 out of 5,(2554),,$11.99,$0.33  / ea
Eucerin Advanced Repair Body Lotion  - 16.9 fl oz,Eucerin,4.0 out of 5,(643),,$15.99,$0.95  / oz
"Gold Bond Healing Foot Cream, With Aloe  - 4 oz",Gold Bond,4.5 out of 5,(446),,$7.49,$1.87  / oz
"Arm & Hammer Extreme Whitening Control with Baking Soda & Peroxide, Stain Defense Mint  - 6 oz",Arm & Hammer,4.0 out of 5,(530),,$5.79,$0.96  / oz
"Biotene OralBalance Moisturizing Gel Flavor-Free, Alcohol-Free, for Dry Mouth  - 1.5 oz",Biotene,4.0 out of 5,(915),,$7.49,$4.99  / oz
"Walgreens Maxi Pads, Long Super, With Flexi-Wings Size 2 (ct. 32)  - 32 ea",Walgreens,4.5 out of 5,(248),old price$5.99strike through,$4.49$4.49,$0.14/ ea
Poise Incontinence Pads 3 (30 Ct)  - 30 ea,Poise,4.0 out of 5,(2323),old price2/$14.00 or 1/$7.49strike through,2/$12.00or1/$7.492/$12.00or1/$7.49,$0.25/ ea
Crest Antigingivitis/ Antiplaque Oral Rinse Clean Mint  - 16.9 fl oz,Crest,4.5 out of 5,(3933),old price$5.49strike through,$4.00$4.00,$0.24/ oz
Walgreens Anefrin Nasal Spray  - 1 fl oz,Walgreens,3.5 out of 5,(159),,$10.99,$10.99  / oz
Dove Beauty Bar Soap Original White  - 3.75 oz   x 6 pack,Dove,4.5 out of 5,(11569),old price$11.49strike through,$10.00$10.00,$0.44/ oz
Walgreens Epsom Salt Lavender  - 48 oz,Walgreens,4.5 out of 5,(313),,$4.99,$0.10  / oz
DenTek Triple Clean Advanced Clean Floss Picks Mouthwash Blast (Packaging May Vary) - 90 ea,DenTek,4.5 out of 5,(721),,$3.99,$0.04  / ea
L'Oreal Paris Elvive Total Repair Extreme Renewing Shampoo  - 12.6 fl oz,L'Oreal Paris Elvive,4.5 out of 5,(302),old price$5.99strike through,2/$10.00or1/$5.492/$10.00or1/$5.49,$0.44/ oz
Olay Total Effects Tone Correcting CC Cream SPF 15 Light to Medium  - 1.7 OZ,Olay,4.0 out of 5,(413),,$27.99,$16.46  / oz
Walgreens Extra Heavy Overnight Maxi Pads 5  - 20 ea,Walgreens,4.5 out of 5,(529),old price$5.99strike through,$4.49$4.49,$0.01/ ea
"Always Anti-Bunch Xtra Protection Daily Liners, Extra Long Absorbency Unscented, Extra Long Absorbency (Actual Item May Vary) - 68 ea",Always,4.5 out of 5,(311),,$9.99,$0.15  / ea
"Listerine Antiseptic Mouthwash, Bad Breath & Plaque Mint  - 33.8 fl oz",Listerine,4.5 out of 5,(3245),,$9.49,$0.28  / oz
Advil Sinus Congestion & Pain Coated Tablets 10  - 10 ea,Advil,4.5 out of 5,(2398),,$8.29,$0.83  / ea
"Always Feminine Pads for Women, for Nighttime, with Wings Light Clean, Size 4  - 20 ea",Always,4.5 out of 5,(631),,$11.99,$0.60  / ea
"Depend Incontinence Shields for Men, Light Absorbency  - 58 ea",Depend,4.0 out of 5,(568),old price$18.99strike through,2/$30.00or1/$18.992/$30.00or1/$18.99,$0.33/ ea
Clear Eyes Redness Relief Eye Drops (Actual Item May Vary) - 0.5 fl oz,Clear Eyes,4.5 out of 5,(1273),,$4.99,$9.98  / oz
L'Oreal Paris Elvive Color Vibrancy Protecting Shampoo  - 12.6 fl oz,L'Oreal Paris Elvive,4.0 out of 5,(390),old price$5.99strike through,2/$10.00or1/$5.492/$10.00or1/$5.49,$0.44/ oz
"Always Radiant Feminine Pads For Women, Heavy, With Wings Light Clean, Size 2 (26 ct)  - 26 ea",Always,4.5 out of 5,(1835),,$11.99,$0.46  / ea
Dove Restoring Body Wash Coconut and Cocoa Butter  - 20 fl oz,Dove,4.5 out of 5,(1371),old price$8.79strike through,$7.00$7.00,$0.35/ oz
Garnier Fructis Pure Clean Pure Clean Hydrating Conditioner for All Hair Types  - 12 fl oz,Garnier Fructis Pure Clean,4.0 out of 5,(1013),,$5.49,$0.46  / oz
"Poise Incontinence Pads & Postpartum Incontinence Pads, 6 Drop Ultimate Absorbency 6 Ultimate Regular  - 33 ea",Poise,4.0 out of 5,(2261),old price$18.99strike through,2/$30.00or1/$18.992/$30.00or1/$18.99,$0.58/ ea
Garnier Whole Blends Smoothing Shampoo with Coconut Oil & Cocoa Butter Extracts  - 12.5 fl oz,Garnier Whole Blends,4.5 out of 5,(7984),,$5.99,$0.48  / oz
Dove Gentle Exfoliating Body Wash with Sea Minerals  - 20 fl oz,Dove,4.5 out of 5,(979),old price$8.79strike through,$7.00$7.00,$0.35/ oz
Eucerin Original Healing Cream Fragrance Free  - 16 oz,Eucerin,4.0 out of 5,(467),,$21.99,$1.37  / oz
"Poise Postpartum Incontinence Pads, Long 4 Drop Moderate Absorbency 4 Moderate Long  - 54 ea",Poise,4.0 out of 5,(1433),old price$18.99strike through,2/$30.00or1/$18.992/$30.00or1/$18.99,$0.35/ ea
Sensodyne Repair & Protect Extra Fresh Toothpaste For Sensitive Teeth  - 3.4 oz,Sensodyne,4.5 out of 5,(3009),,$7.99,$2.35  / oz
Super Poligrip Denture Adhesive Cream Additive Free  - 2.4 oz,Super Poligrip,4.0 out of 5,(117),,$5.49,$2.29  / oz
Sensodyne Extra Whitening Sensitive Teeth Toothpaste  - 4 oz   x 2 pack,Sensodyne,4.5 out of 5,(2139),,$14.99,$1.87  / oz
"Always Infinity Feminine Pads For Women With Wings, Heavy Unscented, Size 2 (16 ct)  - 16 ea",Always,4.5 out of 5,(1440),,$6.99,$0.44  / ea
Lubriderm Lotion Unspecified  - 16 fl oz,Lubriderm,4.5 out of 5,(782),,$14.49,$0.60  / oz
Vaseline Hand and Body Lotion Cocoa Radiant  - 20.3 fl oz,Vaseline,4.0 out of 5,(1526),,$9.79,$0.48  / oz
Aveeno Daily Moisturizing Lotion with Oat for Dry Skin Fragrance Free  - 12 fl oz,Aveeno,4.5 out of 5,(3563),,$11.49,$0.96  / oz
Arm & Hammer Peroxi-Care Fluoride Anti-Cavity Toothpaste Mint  - 6 oz,Arm & Hammer,4.0 out of 5,(393),,$5.79,$0.96  / oz
Walgreens Certainty Women's Overnight ComfortLux Underwear X-Large  - 14 ea,Walgreens Certainty,4.0 out of 5,(301),old price$12.99strike through,2/$22.00or1/$12.992/$22.00or1/$12.99,$0.93/ ea
TheraBreath Dry Mouth Lozenges Mandarin Mint  - 100 ea,TheraBreath,4.5 out of 5,(236),,$11.49,$0.11  / ea
"Halls Relief Mentho-Lyptus Cough Drops, Economy Pack  - 80 ea",Halls,4.5 out of 5,(106),old price$7.99strike through,2/$13.00or1/$7.992/$13.00or1/$7.99,$0.10/ ea
"Walgreens Maxi Pads With Flexi-Wings Unscented, Size 5 (ct 36)  - 36 ea",Walgreens,4.5 out of 5,(286),old price$9.99strike through,$7.49$7.49,$0.21/ ea
L'Oreal Paris Elvive Volume Filler Thickening Conditioner  - 12.6 fl oz,L'Oreal Paris Elvive,4.0 out of 5,(165),old price$5.99strike through,2/$10.00or1/$5.492/$10.00or1/$5.49,$0.44/ oz
Vicks Pediatric Vapor Plug  - 1 ea,Vicks,4.0 out of 5,(95),,$15.99,
Degree Antiperspirant Deodorant Pure Clean  - 2.6 oz,Degree,4.5 out of 5,(1051),,$6.49,$2.50  / oz
O'Keeffe's Working Hands Hand Cream Unscented  - 3 oz,O'Keeffe's Working Hands,4.5 out of 5,(95),,$8.49,$2.83  / oz
"Gold Bond Healing Hydrating Cream, With Aloe Aloe  - 5.5 oz",Gold Bond,4.0 out of 5,(1331),,$7.29,$1.33  / oz
"Walgreens Maxi Pads, Regular, Wingless Size 1 (ct. 48)  - 48 ea",Walgreens,4.5 out of 5,(239),old price$5.99strike through,$4.49$4.49,$0.09/ ea
SheaMoisture Bar Soap Coconut and Hibiscus  - 8 oz,SheaMoisture,4.0 out of 5,(509),,$6.79,$0.85  / oz
Aveeno Skin Relief Repairing Hand Mask For Dry Skin Fragrance Free  - 1 pr,Aveeno,4.0 out of 5,(387),,$3.99,$3.99  / ea
Walgreens Petroleum Jelly Unscented  - 13 oz,Walgreens,4.0 out of 5,(130),,$5.99,$0.43  / oz
Nivea Nourishing Skin Firming Body Lotion  - 16.9 fl oz,Nivea,4.5 out of 5,(264),,$12.99,$0.77  / oz
BIC Women's Disposable Razors  - 10 EA,BIC,4.0 out of 5,(245),,$2.99,$0.30  / ea
Walgreens Cough Drops Cherry  - 200 ea,Walgreens,4.5 out of 5,(215),old price$7.99strike through,$6.49$6.49,$0.03/ ea
Yardley of London Nourishing Bath Bar Oatmeal & Almond (Actual Item May Vary) - 4 oz   x 4 pack,Yardley of London,4.5 out of 5,(3918),,$4.99,$0.29  / oz
Yardley of London Nourishing Bath Bar English Lavender  - 4 oz,Yardley of London,4.5 out of 5,(6699),,$2.29,$0.57  / oz
Vaseline Soothing Hydration Body Lotion Aloe Soothe  - 20.3 fl oz,Vaseline,4.0 out of 5,(910),,$9.79,$0.48  / oz
StainAway Plus Powered Professional Strength Denture Cleanser (Packaging May Vary) - 8.1 fl oz,StainAway Plus,4.5 out of 5,(177),,$6.49,$0.80  / oz
"Vicks VapoCool Medicated Sore Throat Drops, With Menthol, Over-the-Counter Medicine Winterfrost  - 45 ea",Vicks,4.5 out of 5,(139),old price$6.99strike through,2/$11.00or1/$6.992/$11.00or1/$6.99,$0.16/ ea
"Poise Daily Liners, Incontinence Panty Liners, Very Light Absorbency, Regular Length 2 (48 ct)  - 48 ea",Poise,4.5 out of 5,(4939),old price2/$14.00 or 1/$7.49strike through,2/$12.00or1/$7.492/$12.00or1/$7.49,$0.16/ ea
Dove Style+Care Hairspray Flexible Hold  - 7 oz,Dove,4.0 out of 5,(937),,$7.99,
Neutrogena Ultra Sheer Dry-Touch SPF 55 Sunscreen Lotion  - 3 fl oz,Neutrogena,4.0 out of 5,(546),,$14.99,$5.00  / oz
BIC Flex 5 Hybrid Men's Disposable Razor  - 1 ea,BIC,4.0 out of 5,(346),,$7.79,$2.60  / ea
"Colgate Adult Manual Full Head Toothbrush, Medium One Size Multicolor  - 1 ea",Colgate,4.5 out of 5,(305),,2/$2.00or1/$1.29,$1.29  / ea
"Walgreens Ultra Thin Maxi Pads With Flexi-Wings Unscented, Size 4 (ct 52)  - 52 ea",Walgreens,4.5 out of 5,(205),old price$9.99strike through,$7.49$7.49,$0.14/ ea
Eucerin Advanced Repair Hand Cream Fragrance Free  - 2.7 oz,Eucerin,3.5 out of 5,(437),,$5.99,$2.22  / oz
"Depend Adult Incontinence Underwear for Women, Disposable L (17 ct), Blush Blush  - 17 ea",Depend,4.5 out of 5,(2450),old price$18.99strike through,2/$30.00or1/$18.992/$30.00or1/$18.99,$1.12/ ea
Fixodent Complete Original Denture Adhesive Cream Original  - 2.4 oz   x 2 pack,Fixodent,4.0 out of 5,(431),,$12.99,$2.71  / oz
Maybelline Baby Lips Dr Rescue Medicated Lip Balm Coral Crave  - 0.15 oz,Maybelline Baby Lips,4.0 out of 5,(292),,$5.49,
U by Kotex Balance Sized for Teens Ultra Thin Pads with Wings Unscented  - 14 ea,U by Kotex,4.5 out of 5,(1890),,$7.99,$0.57  / ea
Nivea Skin Firming Hydration Body Lotion  - 16.9 fl oz,Nivea,4.5 out of 5,(1573),,$12.99,$0.77  / oz
Walgreens Sore Throat Lozenges Cherry  - 18 ea,Walgreens,4.0 out of 5,(55),,$4.79,$0.27  / ea
Garnier Whole Blends Hydrating Shampoo with Coconut Water & Aloe Vera Extracts  - 12.5 fl oz,Garnier Whole Blends,4.5 out of 5,(450),,$5.99,$0.48  / oz
Garnier Whole Blends Smoothing Conditioner Coconut Oil & Cocoa Butter Extract  - 12.5 fl oz,Garnier Whole Blends,4.5 out of 5,(7582),,$5.99,$0.48  / oz
Nexxus Mousse + Volumizing Foam  - 10.6 oz,Nexxus,4.0 out of 5,(457),,$17.99,
Hyland's Naturals Kids Cold & Cough  - 4 fl oz,Hyland's Naturals,4.0 out of 5,(122),,$12.99,$3.25  / oz
Biotene Fluoride Toothpaste Fresh Mint  - 4.3 oz,Biotene,4.0 out of 5,(535),,$8.49,$1.97  / oz
Dove Deep Moisture Body Wash with Pump Deep Moisture  - 30.6 fl oz,Dove,4.5 out of 5,(7495),,$12.99,$0.42  / oz
Degree Antiperspirant Deodorant Dry Spray Shower Clean  - 3.8 oz,Degree,4.0 out of 5,(456),,$7.49,$1.97  / oz
Aveeno Daily Moisturizing Lotion with Oat for Dry Skin Fragrance Free  - 8 oz,Aveeno,4.5 out of 5,(3313),,$9.99,$1.25  / oz
"Walgreens Ultra Thin Maxi Pads, Long Super, Wingless Unscented, Size 2 (ct 40)  - 40 ea",Walgreens,4.5 out of 5,(271),old price$5.99strike through,$4.49$4.49,$0.11/ ea
Ricola Herb Throat Drops Sugar Free Lemon Mint  - 45 ea,Ricola,4.5 out of 5,(289),old price2/$13.99 or 1/$7.99strike through,2/$12.00or1/$7.492/$12.00or1/$7.49,$0.17/ ea
Degree Antiperspirant Deodorant Sexy Intrigue  - 2.6 oz,Degree,4.5 out of 5,(832),,$6.49,$2.50  / oz
Aquaphor Lip Repair Stick  - 0.17 oz   x 2 pack,Aquaphor,4.5 out of 5,(987),,2/$16.00or1/$10.99,
Colgate Cavity Protection Toothpaste With Fluoride Great Regular Flavor  - 6 oz   x 2 pack,Colgate,4.5 out of 5,(331),,$5.29,$0.44  / oz
Ivory Bar Soap Original  - 3.17 oz   x 3 pack,Ivory,3.0 out of 5,(973),,$4.79,$0.52  / oz
"Depend Adult Incontinence Underwear for Women, Disposable, Maximum Medium Blush  - 18 ea",Depend,4.0 out of 5,(2319),old price$18.99strike through,2/$30.00or1/$18.992/$30.00or1/$18.99,$1.05/ ea
Nivea Men Maximum Hydration Nourishing Body Lotion  - 16.9 fl oz,Nivea Men,4.5 out of 5,(193),,$10.99,$0.65  / oz
"Walgreens Maxi Pads With Flexi-Wings Unscented, Size 4 (ct 28)  - 28 ea",Walgreens,4.5 out of 5,(434),old price$5.99strike through,$4.49$4.49,$0.16/ ea
Q-tips Cotton Swabs Original  - 375 ea,Q-tips,4.0 out of 5,(1805),,$4.79,$0.01  / ea
Dove Body Wash Lavender Oil & Chamomile  - 20 fl oz,Dove,4.5 out of 5,(567),old price$8.79strike through,$7.00$7.00,$0.35/ oz
"Walgreens Ultra Thin Maxi Pads With Flexi-Wings Unscented, Size 4 (ct 28)  - 28 ea",Walgreens,4.5 out of 5,(196),old price$5.99strike through,$4.49$4.49,$0.16/ ea
Garnier Whole Blends Hydrating Conditioner with Coconut Water & Aloe Vera Extract  - 12.5 fl oz,Garnier Whole Blends,4.5 out of 5,(437),,$5.99,$0.48  / oz
"Depend Adult Incontinence Underwear for Men, Disposable L (17 ct) Grey  - 17 ea",Depend,4.0 out of 5,(1511),old price$18.99strike through,2/$30.00or1/$18.992/$30.00or1/$18.99,$1.12/ ea
"Walgreens Ultra Thin Maxi Pads With Flexi-Wings Unscented, Size 1 (ct 36)  - 36 ea",Walgreens,4.5 out of 5,(197),old price$5.99strike through,$4.49$4.49,$0.12/ ea
Nature's Bounty Lutein Softgels 40 mg  - 30 ea,Nature's Bounty,4.5 out of 5,(66),,$29.99,$1.00  / ea
"BIC Men's Disposable Razors, For a Smooth, Ultra-Close Shave  - 3 ea",BIC,4.5 out of 5,(224),,$6.79,$2.26  / ea
"Garnier Fructis Style Volume Anti-Humidity Hairspray, Extra Strong Hold  - 8.25 oz",Garnier Fructis Style,4.0 out of 5,(138),,$7.99,
"Garnier Fructis Style Curl Construct Creation Mousse with Coconut Water, For Curly Hair  - 6.8 oz",Garnier Fructis Style,4.0 out of 5,(648),,$5.99,
Halls Economy Bag  - 80 ea,Halls,4.5 out of 5,(100),old price$7.99strike through,2/$13.00or1/$7.992/$13.00or1/$7.99,$0.10/ ea
Olay Anti-Wrinkle Day Face Lotion with Sunscreen SPF 15  - 3.4 fl oz,Olay,4.5 out of 5,(168),,$17.99,$5.29  / oz
CeraVe Face and Body Moisturizing Cream for Normal to Dry Skin with Hyaluronic Acid Unscented  - 16 oz,CeraVe,4.5 out of 5,(15860),,$18.99,$1.19  / oz
Walgreens Beauty Mesh Sponge Assorted (Color May Vary) - 1 ea,Walgreens Beauty,4.0 out of 5,(67),,$1.99,
Crest Outlast Complete Whitening Toothpaste Long Lasting Mint  - 5.4 oz,Crest,4.5 out of 5,(3738),old price$5.29strike through,$4.00$4.00,
CeraVe Healing Ointment to Protect and Soothe Dry Skin  - 12 oz,CeraVe,4.5 out of 5,(1385),,$19.99,$1.67  / oz
Walgreens Saline Nasal Moisturizing Spray  - 1.5 fl oz,Walgreens,4.0 out of 5,(105),,$4.29,$4.29  / oz
"Delsym Adult 12 hour Cough Relief Medicine, Cough Suppressing Liquid Grape  - 5 Oz",Delsym,4.5 out of 5,(150),old price$22.99strike through,$17.99$17.99,
Flonase Allergy Relief Nasal Spray  - 0.38 fl oz,Flonase,4.5 out of 5,(1244),,$21.99,$57.87  / oz
"Old Spice Men's Antiperspirant & Deodorant, 24/ 7 Sweat Protection Oasis with Vanilla  - 2.26 oz",Old Spice,4.5 out of 5,(990),,$9.79,$3.77  / oz
"Always Ultra Thin Overnight Pads Unscented, Size 4, Overnight  - 36 ea",Always,4.5 out of 5,(891),,$12.99,$0.36  / ea
Oral-B Glide Bacteria Guard Dental Floss Picks Mint  - 75 ea,Oral-B Glide,4.5 out of 5,(481),old price$5.29strike through,$4.00$4.00,$0.05/ ea
Degree Advanced Protection Antiperspirant Deodorant Dry Spray Lavender & Waterlily  - 3.8 oz,Degree Advanced Protection,4.5 out of 5,(386),,$7.49,$1.97  / oz
Pantene Daily Moisture Renewal 72 Hour Lush Moisture Conditioner No Scent  - 10.4 fl oz,Pantene,4.5 out of 5,(365),old price$5.99strike through,$5.00$5.00,$0.48/ oz
Pantene Daily Moisture Renewal 72 HR Lush Moisture Shampoo No scent  - 17.9 fl oz,Pantene,4.5 out of 5,(332),old price$7.49strike through,$7.00$7.00,$0.39/ oz
Pantene Daily Moisture Renewal 72 HR Lush Moisture Shampoo Fresh  - 27.7 oz,Pantene,4.5 out of 5,(330),old price$8.99strike through,$8.00$8.00,$0.29/ oz
Walgreens True Metrix Self-Monitoring Blood Glucose Test Strips  - 60 ea,Walgreens,4.5 out of 5,(311),,$18.99,$0.32  / ea
"Purell Advanced Hand Sanitizer, Pump  - 8 fl oz",Purell,4.5 out of 5,(288),old price$4.79strike through,$3.59$3.59,$0.45/ oz
Mucinex InstaSoothe Sore Throat + Soothing Comfort Lozenges Honey & Echinacea  - 40 ea,Mucinex InstaSoothe,4.5 out of 5,(261),old price$6.99strike through,2/$12.00or1/$6.992/$12.00or1/$6.99,$0.17/ ea
Blistex Medicated Lip Ointment  - 0.21 oz   x 2 pack,Blistex,4.5 out of 5,(253),,2/$12.00or1/$6.49,$7.73  / oz
Walgreens True Metrix Self-Monitoring Blood Glucose Test Strips  - 30 ea,Walgreens,4.5 out of 5,(185),,$9.99,$0.33  / ea
Halls Cough Drops (Actual Item May Vary) - 80 ea,Halls,4.5 out of 5,(106),old price$7.99strike through,2/$13.00or1/$7.992/$13.00or1/$7.99,$0.10/ ea
"Vicks Severe Medicated Sore Throat Drops, Fast-Acting Max Strength Relief  - 18 ea",Vicks,4.5 out of 5,(59),,$3.99,$0.22  / ea
Black Girl Sunscreen SPF 30  - 3 fl oz,Black Girl Sunscreen,4.5 out of 5,(57),,$17.99,$0.25  / oz
Carmex Daily Care Minis Moisturizing Lip Balm Tubes with SPF  - 0.18 oz   x 5 pack,Carmex,4.5 out of 5,(47),,2/$13.00or1/$7.49,$8.32  / oz
"Always Discreet Adult Incontinence Pads for Women, Ultimate Extra Protect Absorbency No scent, Long length  - 42 ea",Always Discreet,4.5 out of 5,(16),old price$25.99strike through,2/$46.00or1/$24.992/$46.00or1/$24.99,$0.59/ ea
"Depend Adult Incontinence Underwear for Men, Disposable, Maximum S-M (ct 32) Grey  - 32 EA",Depend,4.0 out of 5,(1802),old price$24.99strike through,2/$44.00or1/$24.992/$44.00or1/$24.99,$0.78/ ea
Garnier Fructis Style Brilliantine Shine Glossing Spray  - 3 fl oz,Garnier Fructis Style,4.0 out of 5,(1047),,$5.99,
"Garnier Fructis Style Curl Shape Defining Spray Gel with Coconut Water, For Curly Hair  - 8.5 fl oz",Garnier Fructis Style,4.0 out of 5,(1035),,$5.99,
Pantene Classic Clean 2-in-1 Shampoo & Conditioner Floral  - 12 fl oz,Pantene,4.0 out of 5,(966),old price$5.99strike through,$5.00$5.00,$0.42/ oz
Pantene Daily Moisture Renewal 72 HR Lush Moisture Conditioner Fresh  - 25.1 fl oz,Pantene,4.0 out of 5,(733),old price$8.99strike through,$8.00$8.00,$0.32/ oz
Suave Antiperspirant & Deodorant Stick Coconut Kiss  - 1.2 oz,Suave,4.5 out of 5,(378),,$2.49,$2.08  / oz
"Mucinex InstaSoothe Sore Throat + Cough Relief, Sore Throat Lozenges Alpine Herbs & Mint  - 40 ea",Mucinex InstaSoothe,4.5 out of 5,(301),old price$6.99strike through,2/$12.00or1/$6.992/$12.00or1/$6.99,
"Garnier Fructis Style Curl Sculpt Conditioning Cream Gel, For Curly Hair  - 5.1 fl oz",Garnier Fructis Style,4.0 out of 5,(297),,$5.99,
SheaMoisture Conditioner Coconut & Hibiscus  - 13 fl oz,SheaMoisture,4.0 out of 5,(229),,$12.99,
Walgreens Urinary Tract Infection Home Test  - 1 ea   x 3 pack,Walgreens,4.0 out of 5,(229),,$10.99,
Walgreens Certainty Adult Incontinence Stretch Briefs with Tabs Large/ X-Large  - 28 ea,Walgreens Certainty,4.0 out of 5,(217),old price$19.99strike through,2/$32.00or1/$18.992/$32.00or1/$18.99,$0.68/ ea
"Burt's Bees Kids Toothpaste, Fluoride Free Bubblegum  - 4.7 oz",Burt's Bees,4.5 out of 5,(138),,$4.79,$1.02  / oz
Walgreens Premoistened Lens Wipes  - 120 ea,Walgreens,4.0 out of 5,(124),,$11.99,
DrugConfirm 7 Drugs Home Drug Test  - 1 ea,DrugConfirm,4.0 out of 5,(91),,$29.99,
"Vicks Vapor Pads Family Pack Lavender, Rosemary  - 12 ea",Vicks,4.0 out of 5,(60),,$15.99,$15.99  / ea
Soap & Glory Heel Genius Moisturizing Foot Cream  - 4.2 fl oz,Soap & Glory,4.0 out of 5,(33),,$10.00,
Vicks VapoCOOL SEVERE Medicated Sore Throat Drops Honey Lemon Chill  - 18 ea,Vicks,4.0 out of 5,(25),,$3.99,$0.22  / ea
Walgreens 5 Second Flex-Tip Digital Thermometer  - 1 ea,Walgreens,3.5 out of 5,(180),,$16.99,
"Mucinex InstaSoothe Sore Throat Relief Drops, For Soothing Comfort Honey & Echinacea  - 20 ea",Mucinex InstaSoothe,3.5 out of 5,(103),,$4.99,$0.25  / ea
Nivea Lip Care Strawberry Lip Care  - 0.17 oz   x 2 pack,Nivea Lip Care,3.5 out of 5,(23),,$4.99,$7.34  / oz
ChapStick Classic Lip Balm Tube Original  - .15 oz,ChapStick,3.0 out of 5,(170),,$1.99,
Exergen Comfort Scanner Temporal Thermometer  - 1 Each,Exergen,4.0 out of 5,(749),,$44.99,
WaxRx pH Conditioned Ear Wash System  - 1 ea,WaxRx,4.0 out of 5,(322),,$39.99,$39.99  / ea
Walgreens Premium True Metrix Self-Monitoring Blood Glucose Meter Black  - 1 ea,Walgreens,3.5 out of 5,(584),,$19.99,
Walgreens Sitz Bath  - 1 ea,Walgreens,3.5 out of 5,(243),,$21.99,
L'Oreal Paris Superior Preference Fade-Defying + Shine Permanent Hair Color Extra Light Natural Blonde LB02  - 1 ea,L'Oreal Paris Superior Preference,3.5 out of 5,(124),,$12.99,$12.99  / ea
Walgreens A1C Test Kit  - 1 set,Walgreens,3.5 out of 5,(483),,$49.99,
First Response Early Result Pregnancy Test  - 2 ea,First Response,4.0 out of 5,(5602),,$18.99,
Hyland's Naturals Earache Drops (Actual Item May Vary) - 0.33 fl oz,Hyland's Naturals,4.0 out of 5,(170),,$11.49,$33.79  / oz
Vicks Personal Steam Inhaler  - 1 ea,Vicks,4.0 out of 5,(682),,$59.99,
CONTOUR NEXT Blood Glucose Strips Value Pack  - 70 ea,CONTOUR NEXT,4.0 out of 5,(578),,$36.99,
Braun Thermoscan Ear Thermometer  - 1 ea,Braun Thermoscan,4.5 out of 5,(468),old price$49.99strike through,$40.99$40.99,
"Lamisil Lamisil Athlete's Foot Antifungal Cream, 1% Terbinafine Hydrochloride, 1.0 oz  - 1 oz",Lamisil,4.5 out of 5,(255),,$21.99,
Walgreens Antibacterial Plus Urinary  - 24 ea,Walgreens,4.0 out of 5,(155),,$13.49,$0.56  / ea
"Debrox Earwax Removal Kit, Ear Drops and Bulb Ear Syringe  - 0.5 fl oz",Debrox,4.0 out of 5,(313),,$10.99,$21.98  / oz
Rogaine Men's Extra Strength 5% Minoxidil Solution Unscented  - 2 fl oz   x 3 pack,Rogaine,3.5 out of 5,(352),,$74.99,$12.50  / oz
"AZO Yeast Plus Dual Relief, Homeopathic, Tablets  - 60 ea",AZO,3.5 out of 5,(245),,$11.49,$0.19  / ea
Walgreens Auto Arm Blood Pressure Monitor  - 1 ea,Walgreens,3.5 out of 5,(582),old price$49.99strike through,$42.99$42.99,
Walgreens Clotrimazole Vaginal Cream  - 1.5 oz,Walgreens,4.0 out of 5,(95),,$15.99,$15.99  / ea
Systane Ultra Lubricant Eye Drops  - 0.33 fl oz,Systane Ultra,4.5 out of 5,(296),,$14.99,$45.42  / oz
Walgreens True Focus Self-Monitoring Blood Glucose Test Strips  - 50 ea,Walgreens,4.0 out of 5,(159),,$17.99,$0.36  / ea
SheaMoisture Curl Enhancing Smoothie Coconut & Hibiscus  - 3.2 oz,SheaMoisture,3.5 out of 5,(1775),,$2.99,$0.93  / oz
Braun Thermoscan Lens Filters (Actual Item May Vary) - 40 ea,Braun Thermoscan,4.5 out of 5,(130),,$9.99,
Walgreens Soothing Eye Wash  - 4 fl oz,Walgreens,4.0 out of 5,(168),,$4.79,
Monistat 1-Day Yeast Infection Treatment  - 0.16 oz,Monistat,3.5 out of 5,(97),,$23.99,$149.94  / oz
Walgreens Disposable Probe Covers  - 60 ea,Walgreens,4.5 out of 5,(97),,$5.99,
Orajel Baby Daytime and Nighttime Non-Medicated Cooling Gels for Teething  - 0.18 oz   x 2 pack,Orajel,4.0 out of 5,(179),,$6.79,$18.86  / oz
PATADAY Eye Itch Relief  - 5 mL,PATADAY,4.5 out of 5,(311),,$19.99,$124.94  / oz
Releev 1 Day Cold Sore Symptom Treatment  - 0.2 oz,Releev,4.0 out of 5,(249),old price$21.99strike through,$18.99$18.99,$94.95/ oz
SNORERx Snore Rx Stop Snoring Mouthguard  - 1 ea,SNORERx,3.0 out of 5,(307),,$59.99,$59.99  / ea
Colgate Peroxyl Antiseptic Mouth Sore Rinse Mild Mint  - 8.4 fl oz,Colgate,4.5 out of 5,(281),,$8.99,$1.07  / oz
Quantum Health Cold Sore Bandage  - 12 ea,Quantum Health,3.0 out of 5,(88),old price$11.99strike through,$9.99$9.99,$0.83/ ea
Monistat 3 Day Ovule Inserts Plus External Cream Combination Pack  - 1 set,Monistat,4.0 out of 5,(110),,$21.99,$7.33  / ea
"Aveeno Soothing Bath Soak For Eczema, Natural Colloidal Oatmeal Single Use Packets (Actual Item May Vary) - 1.5 oz   x 8 pack",Aveeno,4.5 out of 5,(323),old price$9.99strike through,$7.99$7.99,$0.67/ oz
Nizoral Anti-Dandruff Shampoo  - 7 fl oz,Nizoral,4.5 out of 5,(3763),,$21.99,$3.14  / oz
Orajel 3X Medicated For All Mouth Sores Gel  - 0.42 oz,Orajel,4.0 out of 5,(150),,$9.79,$23.31  / oz
Clinere Personal Ear Cleaners for Earwax Removal  - 10 ea,Clinere,3.5 out of 5,(96),,$9.99,$1.00  / ea
Softsoap Liquid Hand Soap Aquarium Refill  - 50 fl oz,Softsoap,4.0 out of 5,(1274),,$6.99,$0.14  / oz
Oral-B Pro-Flex Stain Eraser Manual Toothbrush Medium Full Head  - 1 ea,Oral-B,4.5 out of 5,(303),old price$6.29strike through,$5.00$5.00,$5.00/ ea
"Bio-Oil Body Oil for Scars and Stretch Marks, Serum Hydrates  - 2 fl oz",Bio-Oil,4.0 out of 5,(112),old price$12.99strike through,$11.69$11.69,$5.84/ oz
Walgreens Digital 10 Second Flexible Tip Thermometer  - 1 ea,Walgreens,3.0 out of 5,(208),,$15.99,
Walgreens On The Move Spray Bottle for Travel Clear  - 1 ea,Walgreens,4.0 out of 5,(92),,$2.99,$2.99  / ea
Walgreens Saline Solution  - 12 fl oz,Walgreens,4.0 out of 5,(65),,$3.99,$0.33  / oz
Flonase Sensimist Allergy Relief Nasal Spray 120 Sprays  - 0.31 fl oz,Flonase,4.5 out of 5,(1638),,$28.99,$53.69  / oz
Clearblue Digital Pregnancy Test with Smart Countdown  - 2 ea,Clearblue,4.5 out of 5,(619),old price$24.99strike through,$22.99$22.99,$11.49/ ea
Scalpicin Maximum Strength Liquid Scalp Itch Treatment  - 1.5 fl oz,Scalpicin,4.5 out of 5,(99),,$9.79,
Walgreens True Metrix Self-Monitoring Blood Glucose Test Strips  - 50 ea,Walgreens,4.0 out of 5,(300),,$42.99,$0.86  / ea
L.A. Looks Absolute Styling Sport Hair Gel  - 20 oz,L.A. Looks,4.0 out of 5,(83),,$4.29,
Ayr Saline Nasal Gel  - 0.5 oz,Ayr,4.5 out of 5,(251),,$7.79,$15.58  / oz
Systane Ultra High Performance Lubricant Eye Drops  - 20 ml   x 2 pack,Systane Ultra,4.5 out of 5,(457),,$26.99,$40.89  / oz
Clearblue Pregnancy Test Combo Pack  - 2 ea,Clearblue,4.5 out of 5,(1330),old price$19.99strike through,$17.99$17.99,$8.99/ ea
Clairol Nice 'n Easy Permanent Hair Color 4 Dark Brown  - 1 ea,Clairol Nice 'n Easy,4.5 out of 5,(429),,$9.29,$14.98  / oz
CeraVe Face and Body Moisturizing Cream for Normal to Dry Skin Unscented  - 12 oz,CeraVe,4.5 out of 5,(16140),,$16.99,$1.42  / oz
Clairol Nice 'n Easy Root Touch-Up Permanent Hair Color 5 Medium Brown  - 1 ea,Clairol Nice 'n Easy,4.0 out of 5,(499),,$10.49,$10.49  / ea
Vaseline Healing Jelly Original Original (Actual Item May Vary) - 13 oz,Vaseline,4.5 out of 5,(2974),,$7.99,$0.61  / oz
Walgreens Miconazole 7 Vaginal Antifungal Cream  - 1.59 oz,Walgreens,3.5 out of 5,(176),,$14.99,$2.14  / ea
Vagisil Anti-Itch Creme  - 1 oz,Vagisil,4.0 out of 5,(109),,$11.49,$11.49  / oz
Neutrogena Therapeutic Shampoo  - 4.5 fl oz,Neutrogena,4.5 out of 5,(787),,$11.49,$2.55  / oz
"U by Kotex Balance Thin Wrapped Liners Unscented, Regular (50 ct)  - 50 ea",U by Kotex,4.5 out of 5,(3070),,$6.99,$0.14  / ea
Walgreens Whitening Wraps with Advanced Form Fitting Technology Mint  - 28 ea,Walgreens,3.5 out of 5,(221),,$24.99,$0.89  / ea
CloSYS Ultra Sensitive Mouth Rinse Unflavored  - 32 fl oz,CloSYS,4.5 out of 5,(263),,$14.99,$0.47  / oz
"Crest Classic Vivid At-home Teeth Whitening Kit 10 Treatments, 6 Levels Whiter  - 10 ea",Crest,4.0 out of 5,(1726),old price$35.99strike through,$29.99$29.99,$1.50/ ea
Herbal Essences Hair Repair Shampoo Argan Oil  - 13.5 fl oz,Herbal Essences,4.5 out of 5,(3815),,$11.99,$0.89  / oz
Gold Bond Cocoa Butter Glow Daily Hydrating Lotion Light Brown  - 14 oz,Gold Bond,4.5 out of 5,(645),,$11.99,$0.86  / oz
Walgreens Motion Sickness Relief Chewable Tablets Raspberry  - 16 ea,Walgreens,4.0 out of 5,(85),,$8.49,$0.53  / ea
Walgreens Deluxe Arm Blood Pressure Monitor  - 1 ea,Walgreens,3.5 out of 5,(542),old price$59.99strike through,$54.99$54.99,
OCuSOFT Retaine MGD Lubricant Eye Drops Single-Dose Containers  - 0.01 fl oz   x 30 pack,OCuSOFT,4.5 out of 5,(407),,$26.99,$0.90  / ea
Systane Ultra Lubricant Eye Drops High Performance  - 0.28 oz   x 2 pack,Systane Ultra,4.5 out of 5,(198),,$13.99,$49.96  / oz
Benzedrex Inhaler Nasal Decongestant  - 1 ea,Benzedrex Inhaler,4.5 out of 5,(100),,$8.99,$8.99  / ea
Orajel 4X Medicated For Toothache & Gum Gel  - 0.25 oz,Orajel,3.5 out of 5,(201),,$11.49,$45.96  / oz
Oral-B Advanced Sensitive Toothbrushes Extra soft  - 2 ea,Oral-B,4.0 out of 5,(187),old price$7.99strike through,$6.00$6.00,$3.00/ ea
Walgreens 24 Hour Budesonide Nasal Spray  - 0.29 fl oz,Walgreens,4.0 out of 5,(214),,$23.99,$82.72  / oz
Omron 3 Series Upper Arm Blood Pressure Monitor (BP7100)  - 1 ea,Omron,4.0 out of 5,(482),old price$69.99strike through,$59.99$59.99,
Walgreens Ear Wax Removal Drops  - 0.5 fl oz,Walgreens,4.5 out of 5,(84),,$6.49,$12.98  / oz
Refresh Tears Lubricant Eye Drops (Actual Item May Vary) - 0.5 fl oz   x 2 pack,Refresh,4.5 out of 5,(260),,$17.99,$17.99  / oz
"Oral-B Glide Pro-Health Comfort Plus Dental Floss, Extra Soft Mint  - 43.7 yd   x 2 pack",Oral-B Glide,4.5 out of 5,(240),old price$11.49strike through,$9.00$9.00,$0.10/ yd
Cepacol Extra Strength Medicated Sore Throat Lozenges Cherry  - 16 ea,Cepacol,4.5 out of 5,(270),,$5.99,$0.37  / ea
Oral-B Pro 1000 CrossAction Electric Toothbrush White  - 1 set,Oral-B,4.5 out of 5,(1261),,$66.99,
Quantum Health Lysine+ Cold Sore Ointment  - 0.25 oz,Quantum Health,4.0 out of 5,(156),old price$8.99strike through,$6.99$6.99,$27.96/ oz
"Walgreens Docosanol Cream, 10%  - 0.07 oz",Walgreens,4.0 out of 5,(209),,$17.99,$257.00  / oz
TRESemme Extra Hold Hairspray Extra Hold  - 11 oz,TRESemme,4.5 out of 5,(900),,$7.99,
Walgreens Saline Solution  - 12 fl oz   x 2 pack,Walgreens,4.5 out of 5,(79),,$6.79,$0.28  / oz
Walgreens Motion Sickness Relief Tablets  - 16 ea,Walgreens,4.0 out of 5,(94),,$8.49,$0.53  / ea
Refresh Lubricant Eye Drops Preservative-Free Tears  - 0.01 oz   x 70 pack,Refresh,4.5 out of 5,(228),,$31.99,$45.70  / oz
Rogaine Women's 5% Minoxidil Foam For Hair Regrowth Unscented  - 2.11 oz   x 2 pack,Rogaine,4.0 out of 5,(1499),,$74.99,$74.99  / ea
Walgreens Certainty Women's ComfortLux Underwear Large Blush  - 40 ea,Walgreens Certainty,3.5 out of 5,(79),,$22.99,$0.57  / ea
Walgreens Cranberry 250 mg Caplets  - 50 ea,Walgreens,4.5 out of 5,(92),,$9.99,$0.20  / ea
NeilMed Sinugator Cordless Pulsating Nasal Wash with 30 Premixed Packets  - 1 set,NeilMed,3.5 out of 5,(251),,$26.99,$3.37  / oz
"Oral-B Glide Pro-Health Original, Smooth, Strong, Shred Resistant (Packaging May Vary) - 54.6 yd   x 2 pack",Oral-B Glide,4.5 out of 5,(759),old price$8.79strike through,$7.00$7.00,$0.06/ yd
Nature Made Prenatal Multi + DHA Softgels  - 90 ea,Nature Made,4.0 out of 5,(74),,$39.99,$0.44  / ea
Refresh Soothing Lubricant Eye Gel (Actual Item May Vary) - 0.5 fl oz,Refresh,4.5 out of 5,(210),,$12.49,$24.98  / oz
Vitafusion Prenatal Gummy Vitamins Raspberry Lemonade  - 90 ea,Vitafusion,4.5 out of 5,(375),,$17.99,$0.20  / ea
Udderly Smooth Body Cream Lightly Scented  - 12 oz,Udderly Smooth,4.5 out of 5,(827),,$5.99,$0.50  / oz
Arm & Hammer Deodorant With Natural Deodorizers Fresh  - 2.5 oz,Arm & Hammer,4.0 out of 5,(403),,$4.99,$2.00  / oz
Vanicream Moisturizing Lotion  - 16 fl oz,Vanicream,4.5 out of 5,(214),,$16.99,$1.06  / oz
TheraBreath Fresh Breath Oral Rinse Mild Flavor (Packaging May Vary) - 16 fl oz,TheraBreath,4.5 out of 5,(613),,$9.79,$0.61  / oz
"Carmex Daily Care Moisturizing  Lip Balm with SPF Fresh Cherry, Strawberry, Wintergreen  - 0.35 oz   x 3 pack",Carmex,4.5 out of 5,(58),,$5.29,
Suave Kids 3in1 Shampoo Conditioner Body Wash Watermelon Wonder  - 18 fl oz,Suave Kids,4.5 out of 5,(346),,$4.99,$0.28  / oz
Dentemp Repair-It Advanced Formula Denture Repair Kit  - 1 set,Dentemp,3.5 out of 5,(202),,$7.79,
Ocuvite Eye Health Adult 50+  - 90 ea,Ocuvite,4.5 out of 5,(221),,$29.99,$0.33  / ea
SheaMoisture Multi-Action Leave-In  - 8 oz,SheaMoisture,4.5 out of 5,(265),,$13.99,$1.75  / oz
Refresh Relieva Lubricant Eye Drops  - .33 fl oz,Refresh Relieva,4.5 out of 5,(2119),,$19.99,$58.79  / oz
Old Spice Red Zone Body Wash for Men Swagger (Packaging May Vary) - 21 fl oz,Old Spice Red Zone,4.0 out of 5,(298),old price$8.49strike through,$7.00$7.00,$0.33/ oz
Walgreens Oral Pain Relief Paste Maximum Strength Assorted  - 0.42 oz,Walgreens,4.0 out of 5,(66),,$7.99,$19.02  / oz
"Crest Pro-Health Advanced Advanced Multi-Protection Mouthwash/ Mouth Rinse, Alcohol Free Fresh Mint  - 33.8 fl oz",Crest Pro-Health Advanced,4.5 out of 5,(4637),old price$7.99strike through,$7.50$7.50,$0.22/ oz
Got2b Glued Blasting Freeze Spray  - 12 oz,Got2b,4.0 out of 5,(108),,$8.99,
"Gold Bond Comfort Body Powder, Talc-Free Fresh Clean  - 10 oz",Gold Bond,4.5 out of 5,(304),,$6.79,$0.68  / oz
Ayr Saline Nasal Mist (Actual Item May Vary) - 1.69 fl oz,Ayr,4.5 out of 5,(160),,$6.29,$3.70  / oz
"U by Kotex Wrapped Panty Liners Unscented, Regular Length  - 40 ea",U by Kotex,4.5 out of 5,(2473),,$6.99,$0.17  / ea
Refresh Extended Therapy Gel Drops Lubricant Eye Gel  - 0.33 fl oz,Refresh,4.5 out of 5,(179),,$19.99,$58.79  / oz
Walgreens Vaporizer  - 1 ea,Walgreens,3.0 out of 5,(280),,$19.99,
Refresh Vials Lubricant Eye Drops Preservative-Free  - 0.1 fl oz   x 60 pack,Refresh,4.5 out of 5,(146),,$31.99,$53.32  / oz
Systane Overnight Therapy Lubricant Eye Gel  - 0.35 oz,Systane,4.0 out of 5,(229),,$18.99,$54.26  / oz
TRESemme Protecting Heat Spray Keratin Smooth Thermal Creations  - 8 fl oz,TRESemme,4.5 out of 5,(2317),,$7.99,
Garnier Fructis Curl Nourish Curl Nourish Sulfate-Free Shampoo for All Curl Types  - 12.5 fl oz,Garnier Fructis Curl Nourish,4.0 out of 5,(887),,$5.49,$0.44  / oz
"Always Thin No Feel Protection Daily Liners Unscented, Regular Absorbency  - 162 ea",Always,4.5 out of 5,(666),,$11.99,$0.07  / ea
"Flonase Allergy Relief Nasal Spray Scent Free, 60 Sprays  - 60 ea",Flonase,4.5 out of 5,(1595),,$21.99,$64.68  / oz
Shine 'n Jam Conditioning Extra Hold Gel  - 4 oz,Shine 'n Jam,4.5 out of 5,(121),,$3.79,
Refresh Contacts Contact Lens Comfort Moisture Drops for Dry Eyes (Actual Item May Vary) - 0.4 fl oz,Refresh,4.5 out of 5,(87),,$10.99,$30.53  / oz
SheaMoisture Curl Mousse Coconut and Hibiscus  - 7.5 oz,SheaMoisture,4.0 out of 5,(307),,$13.99,
Accu-Chek Guide Test Strips  - 25 ea,Accu-Chek,4.0 out of 5,(145),old price$15.99strike through,$12.99$12.99,
"Always Maxi Overnight Pads With Wings For Women, Extra Heavy Overnight Absorbency Unscented, Size 5 (20 ct)  - 20 ea",Always,4.5 out of 5,(2844),,$8.99,$0.45  / ea
Vicks Rapid Read 2 Second Digital Thermometer  - 1 ea,Vicks,3.5 out of 5,(433),,$19.99,
Walgreens Liquid Hand Soap Refill Clear Clear  - 56 fl oz,Walgreens,4.0 out of 5,(125),,$5.99,$0.11  / oz
Walgreens Foaming Rinse-Free Shampoo & Body Wash  - 7.1 fl oz,Walgreens,4.5 out of 5,(162),old price$7.49strike through,$5.61$5.61,$0.79/ oz
Walgreens Saline Packets  - 0.1 oz   x 100 pack,Walgreens,4.5 out of 5,(281),,$12.49,$0.12  / ea
"Olay Ribbons Moisture Ribbons Plus Body Wash Shea Butter + Peony Blossom, 18 oz  - 18 fl oz",Olay Ribbons,4.5 out of 5,(215),old price$8.29strike through,$7.00$7.00,$0.39/ oz
Oral-B 3D White Battery Power Electric Toothbrush Varied  - 1 ea,Oral-B,4.0 out of 5,(569),old price$8.99strike through,$8.00$8.00,
Coast Bar Soap Classic  - 4 OZ   x 8 pack,Coast,4.5 out of 5,(236),,$5.79,$0.18  / oz
OCuSOFT Lid Scrub Plus Eyelid Cleanser Pre-Moistened Pads  - 30 ea,OCuSOFT,4.5 out of 5,(277),,$24.99,$0.83  / ea
Gillette Fusion5 Razor Refills for Men No scent  - 8 ea,Gillette Fusion5,4.5 out of 5,(3887),,$33.99,$4.25  / ea
"G-U-M Proxabrush Go-Betweens - Tight, Interdental Brushes  - 10 ea",G-U-M,4.5 out of 5,(151),,$6.29,$0.63  / ea
Listerine Anticavity Fluoride Mouthwash Fresh Mint  - 1 L,Listerine,4.0 out of 5,(991),,$11.99,$0.35  / oz
Oral-B Mouth Sore Special Care Oral Rinse Soothing Mint  - 16 fl oz,Oral-B,4.5 out of 5,(275),old price$11.99strike through,$9.00$9.00,$0.56/ oz
Tampax Radiant Tampons with LeakGuard Braid No scent  - 28 ea,Tampax Radiant,4.5 out of 5,(1481),,$11.99,$0.43  / ea
Ocuvite Adult 50+ Lutein & Omega 3 Eye Vitamin & Mineral Supplement Softgels  - 50 ea,Ocuvite,4.5 out of 5,(191),,$17.99,$0.36  / ea
"Garnier Fructis Triple Nutrition Shampoo, Dry to Very Dry Hair  - 12.5 fl oz",Garnier Fructis Triple Nutrition,4.5 out of 5,(756),,$5.49,$0.44  / oz
"Herpecin-L Cold Sore Relief, Lip Balm Stick, SPF 30 & Lysine  - 0.1 oz",Herpecin-L,4.5 out of 5,(36),,$7.49,
Aveeno Daily Moisturizing Lotion with Oat for Dry Skin Fragrance-Free  - 18 fl oz,Aveeno,4.5 out of 5,(3518),,$14.99,$0.83  / oz
Herbal Essences Volumizing Shampoo White Grapefruit & Mosa Mint  - 13.5 fl oz,Herbal Essences,4.0 out of 5,(3457),,$11.99,$0.89  / oz
TRESemme Hairspray Non Aerosol Extra Hold  - 10 fl oz,TRESemme,4.0 out of 5,(604),,$7.99,
Dr. Teal's Pure Epsom Salt Soaking Solution Lavender  - 3 lb,Dr. Teal's,4.5 out of 5,(1401),old price$6.49strike through,$5.99$5.99,
"Crest Glamorous White Mouthwash/ Mouth Rinse, Alcohol Free Artic Mint  - 32 fl oz",Crest,4.5 out of 5,(1039),old price$9.79strike through,$9.00$9.00,$0.28/ oz
Walgreens Petroleum Jelly Unscented  - 2.5 oz,Walgreens,4.0 out of 5,(107),,$4.99,$2.00  / oz
Dramamine Original Formula Motion Sickness Relief  - 12 ea,Dramamine,4.5 out of 5,(393),,$9.99,$0.83  / ea
Softsoap Exfoliating Body Wash Scrub Coconut Butter  - 20 fl oz,Softsoap,4.5 out of 5,(466),,$6.99,$0.35  / oz
Vanicream Sensitive Skin Conditioner  - 12 fl oz,Vanicream,4.0 out of 5,(240),,$12.99,$1.08  / oz
Biotene Mouthwash For Dry Mouth Relief Fresh Mint  - 16 fl oz,Biotene,4.0 out of 5,(827),,$8.49,$0.53  / oz
Suave Non Aerosol Hairspray Unscented  - 11 fl oz,Suave,4.0 out of 5,(311),,$4.49,
La Roche-Posay Melt-In Milk Face and Body Sunscreen Lotion SPF 60  - 5 fl oz,La Roche-Posay,4.5 out of 5,(1381),,$37.99,$7.60  / oz
"One A Day Prenatal Advanced Multivitamin With Choline, DHA, Folic Acid and Iron  - 120 ea",One A Day,4.5 out of 5,(347),,$41.99,$0.35  / ea
Blink Moderate-Severe Dry Eye Symptom Relief  - 0.34 fl oz,Blink,4.5 out of 5,(248),,$14.99,$44.09  / oz
Eucerin Advanced Repair Cream  - 16 oz,Eucerin,4.5 out of 5,(335),,$21.99,$1.37  / oz
NeilMed NasaMist Extra Strength Saline Spray  - 4.2 oz,NeilMed,4.5 out of 5,(122),old price$8.49strike through,$6.49$6.49,$1.53/ oz
Gillette Venus Sensitive Sensible Sensitive Women's Disposable Razor  - 3 ea,Gillette Venus Sensitive Sensible,4.5 out of 5,(370),,$9.49,$3.16  / ea
Afrin Original Maximum Strength Nasal Spray  - 1 fl oz,Afrin,4.0 out of 5,(208),,$17.99,$17.99  / oz
Fixodent Denture Adhesive Powder  - 2.7 oz,Fixodent,4.0 out of 5,(163),,$6.99,$2.59  / oz
Aussie Paraben Free Conditioner Avocado & Jojoba Oil  - 26.2 fl oz,Aussie,4.5 out of 5,(1416),,$8.99,$0.34  / oz
Softsoap Moisturizing Body Wash Pomegranate and Mango  - 20 oz,Softsoap,4.5 out of 5,(431),,$6.99,$0.35  / oz
Walgreens Regular Pantiliners  - 64 ea,Walgreens,4.0 out of 5,(352),old price$3.49strike through,$2.61$2.61,$0.04/ ea
Nexxus Shampoo Keraphix with ProteinFusion  - 13.5 Oz,Nexxus,4.5 out of 5,(8660),,$17.99,$1.33  / oz
Walgreens Travel Bottle 3.4 oz  - 4 ea,Walgreens,4.5 out of 5,(48),,2/$10.00or1/$5.99,
"CloSYS Sensitive Toothpaste With Fluoride, Sulfate-Free Mint  - 7 oz",CloSYS,4.5 out of 5,(154),,,
Crest Scope Outlast Mouthwash Fresh Mint  - 16.9 fl oz,Crest,4.5 out of 5,(554),old price$4.29strike through,$4.00$4.00,$0.24/ oz
ReNu Advanced Multi-Purpose Solution  - 12 oz   x 2 pack,ReNu,4.5 out of 5,(283),,$16.99,$0.71  / oz
"Oral-B Advanced Clean Toothbrushes, Color Changing Bristles Soft Different colors  - 4 ea",Oral-B,4.0 out of 5,(694),old price$10.99strike through,$8.00$8.00,$2.00/ ea
Neutrogena Body Clear Wash Salicylic Acid Acne Treatment Pink Grapefruit  - 8.5 fl oz,Neutrogena,4.0 out of 5,(528),,$11.99,$1.41  / oz
Walgreens Certainty Adult Incontinence Underwear for Women Maximum M Blush  - 36 ea,Walgreens Certainty,3.5 out of 5,(119),old price$18.99strike through,2/$32.00or1/$18.992/$32.00or1/$18.99,$0.53/ ea
TRESemme Extra Hold Hairspray Extra Hold  - 4.2 oz,TRESemme,4.5 out of 5,(1317),,$6.99,
Walgreens Oral Relief Sore Throat Spray Cherry  - 6 fl oz,Walgreens,3.5 out of 5,(105),,2/$14.00or1/$7.99,$1.33  / oz
Colgate Optic White Renewal Whitening Toothpaste High Impact White  - 3 oz,Colgate Optic White,4.5 out of 5,(9477),,$10.49,$3.50  / oz
"Carefree Regular Panty Liners, Unwrapped Unscented, Regular (120 ct) (Actual Item May Vary) - 120 ea",Carefree,4.5 out of 5,(13145),,$9.49,$0.08  / ea
"Vicks Sinex Severe Nasal Spray, Original Ultra Fine Mist, Decongestant Medicine  - 0.5 fl oz",Vicks Sinex,4.5 out of 5,(331),,$13.99,$27.98  / oz
Walgreens Prenatal Multivitamin Softgel (30 days) (Packaging May Vary) - 30 ea,Walgreens,4.0 out of 5,(55),,$13.99,$0.47  / ea
"Delsym 12 Hour Cough Suppressant Liquid, Cough Relief Medicine Orange (Actual Item May Vary) - 3 fl oz",Delsym,4.0 out of 5,(214),,$15.99,
Oral-B Complete Dental Floss Picks Long Lasting Scope  - 150 ea,Oral-B Complete,4.5 out of 5,(7494),old price$8.79strike through,$7.00$7.00,$0.05/ ea
Sexy Hair Big Powder Play  - 0.53 OZ,Sexy Hair,4.0 out of 5,(327),,$21.99,
"Aveeno Baby Eczema Therapy Soothing Bath Treatment, Oatmeal Fragrance-Free, Single Use Packets  - 3.75 oz   x 5 pack",Aveeno Baby,4.5 out of 5,(290),,$8.49,$1.70  / ea
Afrin Severe Congestion Nasal Spray  - 0.5 fl oz,Afrin,4.5 out of 5,(324),,$9.99,$19.98  / oz
"Carefree Acti-Fresh Body Shape Panty Liners Wrapped Unscented, Extra Long  - 36 ea",Carefree,3.5 out of 5,(139),,$5.49,$0.15  / ea
Jergens Ultra Healing Extra Dry Skin Moisturizer Unscented  - 21 fl oz,Jergens,4.0 out of 5,(461),old price$9.99strike through,$8.99$8.99,$0.43/ oz
Walgreens Certainty Women's ComfortLux Underwear Maximum Absorbency L (32 ct) Blush  - 32 ea,Walgreens Certainty,4.0 out of 5,(163),old price$18.99strike through,2/$32.00or1/$18.992/$32.00or1/$18.99,$0.59/ ea
Aveeno Daily Moisturizing Oat Body Wash For Dry Skin Unspecified  - 18 fl oz,Aveeno,4.5 out of 5,(16269),old price$11.99strike through,$9.59$9.59,$0.53/ oz
PARODONTAX Complete Protection Gingivitis Toothpaste For Bleeding Gums Pure Fresh Mint  - 3.4 oz,PARODONTAX,4.5 out of 5,(241),,$8.49,$2.50  / oz
CloSYS Fresh Breath Sensitive Mouth Rinse Gentle Mint  - 32 fl oz,CloSYS,4.5 out of 5,(204),,$14.99,$0.47  / oz
Dove Glowing Body Wash Mango & Almond Butters  - 20 fl oz,Dove,4.0 out of 5,(695),old price$8.79strike through,$7.00$7.00,$0.35/ oz
Nivea Skin Firming & Toning Gel Cream for Normal Skin  - 6.7 oz,Nivea,4.5 out of 5,(1971),,$18.99,$2.83  / oz
Garnier Fructis Sleek & Shine Anti-Frizz Serum  - 5.1 fl oz,Garnier Fructis Sleek & Shine,4.0 out of 5,(1105),,$7.99,
Sudafed PE Non-Drowsy Head Congestion + Pain Relief Caplets  - 20 ea,Sudafed,4.5 out of 5,(168),,$10.99,$0.55  / ea
Abreva Docosanol 10% Cold Sore Cream Tube  - 0.07 oz,Abreva,3.5 out of 5,(1212),,$22.99,$328.43  / oz
TheraBreath Healthy Gums Oral Rinse Clean Mint  - 16 oz,TheraBreath,4.5 out of 5,(262),,$9.79,$0.61  / oz
"Summer's Eve Douche, Extra Cleansing Vinegar & Water  - 4.5 fl oz   x 2 pack",Summer's Eve,4.5 out of 5,(159),,$3.99,$1.00  / oz
Neutrogena Ultra Sheer Dry-Touch SPF 45 Sunscreen Lotion  - 3 fl oz   x 2 pack,Neutrogena,4.0 out of 5,(611),,$19.99,$3.33  / oz
"Walgreens Certainty Adult Incontinence Underwear for Men, Maximum Large Grey  - 28 ea",Walgreens Certainty,4.0 out of 5,(89),old price$18.99strike through,2/$32.00or1/$18.992/$32.00or1/$18.99,$0.68/ ea
Crest Advanced Deep Clean Toothpaste Mint  - 10.2 oz,Crest,3.5 out of 5,(326),old price$10.99strike through,$9.00$9.00,$0.88/ oz
SheaMoisture Soothing Body Wash  - 13 fl oz,SheaMoisture,4.5 out of 5,(256),,$10.99,$0.85  / oz
Garnier Fructis Daily Care 2-in-1 Shampoo and Conditioner  - 12.5 oz,Garnier Fructis Daily Care,4.0 out of 5,(575),,$5.49,$0.44  / oz
Tom's of Maine Antiplaque & Whitening Toothpaste Peppermint  - 5.5 oz,Tom's of Maine,4.5 out of 5,(278),,$7.99,$1.45  / oz
Gillette Foamy Foamy Regular Shaving Cream  - 11 oz,Gillette Foamy,4.5 out of 5,(362),,$3.49,
"Walgreens Certainty Incontinence Pads, 4 Drop Moderate Absorbency Regular Length  - 66 ea",Walgreens Certainty,4.0 out of 5,(268),old price$12.99strike through,2/$22.00or1/$12.992/$22.00or1/$12.99,$0.20/ ea
"Neutrogena Moisturizing Body Oil, Light Sesame Formula Light Sesame Formula  - 8.5 fl oz",Neutrogena,4.5 out of 5,(2823),,$14.99,$1.76  / oz
"Garnier Fructis Triple Nutrition Conditioner, Dry to Very Dry Hair  - 12 fl oz",Garnier Fructis Triple Nutrition,4.5 out of 5,(663),,$5.49,$0.46  / oz
Efferdent Anti-Bacterial Denture Cleanser  - 102 ea,Efferdent,4.5 out of 5,(281),,$7.79,$0.08  / ea
Listerine Antiseptic Mouthwash Mint  - 500 ml,Listerine,4.5 out of 5,(3065),,$7.49,$0.44  / oz
Aquaphor Healing Ointment  - 7 oz,Aquaphor,4.5 out of 5,(793),,$14.99,$2.14  / oz
Gillette Series Conditioning After Shave Gel  - 2.5 fl oz,Gillette Series,4.5 out of 5,(228),,$2.99,$1.20  / oz
"Gold Bond Medicated Extra Strength Body Lotion, With Menthol  - 14 oz",Gold Bond,4.5 out of 5,(208),,$11.99,$0.86  / oz
Walgreens Maximum Strength Severe Sinus Congestion Caplets  - 20 ea,Walgreens,4.5 out of 5,(57),,$14.49,$0.72  / ea
Pharma-C-Wipes Water Activated Bathing Cloths  - 10 ea,Pharma-C-Wipes,4.0 out of 5,(100),,$2.99,$2.99  / ea
Herbal Essences Hair Repair Conditioner Argan Oil  - 13.5 fl oz,Herbal Essences,4.5 out of 5,(2430),,$11.99,$0.89  / oz
Walgreens Premium Microfiber Lens Wipes  - 120 ea,Walgreens,4.0 out of 5,(209),,$12.49,
Dr. Teal's Foaming Bath Lavender  - 34 fl oz,Dr. Teal's,4.5 out of 5,(652),old price$6.49strike through,$5.99$5.99,$0.18/ oz
Aveeno Eczema Therapy Daily Moisturizing Cream Fragrance-Free  - 12 fl oz,Aveeno,4.5 out of 5,(1285),,$23.99,$2.00  / oz
Boston Advance Cleaner  - 1 oz,Boston,4.5 out of 5,(77),,$14.99,$14.99  / oz
Walgreens Lubricant Eye Drops  - 0.5 fl oz,Walgreens,3.5 out of 5,(71),,$9.99,$19.98  / oz
Gillette Clear Gel Antiperspirant and Deodorant for Men Cool Wave  - 3.8 oz,Gillette,4.0 out of 5,(5358),,$8.79,$2.31  / oz
Yardley London Nourishing Bath Bar Creamy Coconut  - 4 oz,Yardley London,4.5 out of 5,(1000),,$2.29,$0.57  / oz
Walgreens Maximum Strength Urinary Pain Relief Tablets  - 12 ea,Walgreens,4.0 out of 5,(89),,$7.99,$0.67  / ea
Summer's Eve Deodorant Spray Ultra  - 2 oz,Summer's Eve,4.5 out of 5,(267),,$4.29,
"Garnier Fructis Style Anti-Humidity Smoothing Milk, Flexible Hold, Argan Oil  - 5.1 fl oz",Garnier Fructis Style,4.5 out of 5,(182),,$5.99,
Opti-Free PureMoist Disinfecting Solution  - 10 fl oz,Opti-Free,4.5 out of 5,(52),,$14.99,$1.50  / oz
Opcon-A Itching & Redness Reliever Eye Drops  - 0.5 fl oz,Opcon-A,4.5 out of 5,(180),,$8.79,$17.58  / oz
"Walgreens Long Super Ultra Thin Pads Unscented, Size 2 (42 ct)  - 42 ea",Walgreens,4.5 out of 5,(152),old price$7.99strike through,$5.99$5.99,$0.14/ ea
Jergens Dry Skin Moisturizer Body Lotion Cherry Almond  - 21 fl oz,Jergens,4.0 out of 5,(595),old price$9.99strike through,$8.99$8.99,$0.43/ oz
"Poise Postpartum Incontinence Pads Ultimate Long, 6 (27 ct)  - 27 ea",Poise,4.0 out of 5,(2272),old price$18.99strike through,2/$30.00or1/$18.992/$30.00or1/$18.99,$0.70/ ea
Eucerin Intensive Repair Lotion Fragrance Free  - 16.9 fl oz,Eucerin,4.0 out of 5,(642),,$14.99,$0.89  / oz
"Always Pure Cotton Feminine Pads For Women, With Wings, Heavy Unscented, Size 2 (24 ct)  - 24 ea",Always,4.5 out of 5,(388),,$12.99,$0.54  / ea
Banana Boat Sport Ultra Sunscreen Lotion SPF 100  - 4 fl oz,Banana Boat,4.5 out of 5,(49),,$14.99,$3.75  / oz
Aussie Paraben-Free Miracle Moist Shampoo For Dry Hair Avocado & Jojoba Oil  - 26.2 fl oz,Aussie,4.5 out of 5,(2109),,$8.99,$0.34  / oz
TRESemme 24 Hour Volume Shampoo 24 Hour Body  - 28 fl oz,TRESemme,4.0 out of 5,(293),,$7.29,$0.26  / oz
Dove Dry Spray Antiperspirant Deodorant Cool Essentials  - 3.8 oz,Dove,4.5 out of 5,(60911),old price$9.99strike through,$9.00$9.00,$2.37/ oz
"Walgreens Certainty Underpads for Incontinence, Day & Night Protection, Maximum Absorbency Extra Large  - 10 ea",Walgreens Certainty,4.0 out of 5,(79),old price$12.99strike through,2/$22.00or1/$12.992/$22.00or1/$12.99,
Sensodyne Sensitive Toothpaste Fresh Mint (Packaging May Vary) - 4 oz,Sensodyne,4.0 out of 5,(3915),,$7.99,$2.00  / oz
CeraVe Itch Relief Moisturizing Lotion with Pramoxine Hydrochloride for Dry Skin  - 16 oz,CeraVe,4.5 out of 5,(467),,$28.99,$1.81  / oz
"Crest Scope Outlast Mouthwash/ Mouth Rinse, Fresh Mint  - 33.8 fl oz",Crest,4.5 out of 5,(430),old price$5.99strike through,$5.50$5.50,$0.16/ oz
NeilMed NasoGEL Drip Free Gel Spray  - 1 oz,NeilMed,4.5 out of 5,(166),,$9.99,$9.99  / oz
TRESemme Silky & Smooth Anti-Frizz Shampoo  - 28 fl oz,TRESemme,4.0 out of 5,(1018),,$7.29,$0.26  / oz
Cetaphil Baby Wash & Shampoo  - 7.8 fl oz,Cetaphil Baby,4.5 out of 5,(287),,$7.99,$1.02  / oz
AXE Body Spray Deodorant Sage & Cedarwood  - 4 oz,AXE,4.5 out of 5,(684),,$7.29,$1.82  / oz
Zicam Intense Sinus Relief No-Drip Relief Nasal Spray  - 0.5 oz,Zicam,4.5 out of 5,(326),,$14.99,$29.98  / oz
Systane Hydration PF  - 30 ea,Systane,4.5 out of 5,(143),,$22.99,$0.77  / ea
Nexxus Conditioner Keraphix with ProteinFusion 13.5 oz  - 13.5 fl oz,Nexxus,4.5 out of 5,(8785),,$19.99,$1.48  / oz
TRESemme Vibrance & Shine Shampoo  - 28 fl oz,TRESemme,4.0 out of 5,(229),,$7.29,$0.26  / oz
Pantene Pro-V Moisturizing Leave In Conditioner Mist  - 8.5 fl oz,Pantene Pro-V,4.5 out of 5,(142),old price$6.99strike through,$6.00$6.00,$0.71/ oz
"Cake The Curl Whip, Whipped Curl Mousse  - 8.4 oz",Cake,4.0 out of 5,(188),,$10.99,
Walgreens Nasal Saline Mist  - 4.5 oz,Walgreens,4.0 out of 5,(100),,$8.99,$2.00  / oz
Firefly Kids! Light Up Timer Toothbrush  - 2 ea,Firefly Kids!,4.5 out of 5,(82),,$3.49,$1.75  / ea
Afrin No Drip Severe Congestion Nasal Spray Relief  - 0.5 fl oz,Afrin,4.5 out of 5,(429),,$12.99,$25.98  / oz
"Walgreens Certainty Incontinence Pads, 5 Drop Maximum Absorbency Long Length  - 39 ea",Walgreens Certainty,4.0 out of 5,(277),old price$12.99strike through,2/$22.00or1/$12.992/$22.00or1/$12.99,$0.33/ ea
"Degree Men Antiperspirant Deodorant Dry Spray Fresh, 3.8 oz  - 3.8 oz",Degree Men,4.5 out of 5,(343),,$7.49,$1.97  / oz
Walgreens Nasal Strips Extra Strength One Size Clear  - 26 ea,Walgreens,3.5 out of 5,(59),,$9.99,$0.38  / ea
Boston Advance Contact Lens Conditioning Solution  - 3.5 oz,Boston,4.5 out of 5,(82),,$14.99,$4.28  / oz
Garnier Fructis Curl Nourish Sulfate-Free Conditioner for All Curl Types  - 12 fl oz,Garnier Fructis Curl Nourish,4.0 out of 5,(810),,$5.49,$0.46  / oz
Secret Clinical Strength Soft Solid Antiperspirant and Deodorant for Women Light & Fresh  - 1.6 oz,Secret,4.5 out of 5,(2196),,$10.99,$6.87  / oz
Dove Rejuvenating Body Wash Pomegranate & Hibiscus  - 20 fl oz,Dove,4.5 out of 5,(940),old price$8.79strike through,$7.00$7.00,$0.35/ oz
"Always Pure Cotton Feminine Pads For Women, With Wings, Regular Unscented, Size 1 (28 ct)  - 28 ea",Always,4.5 out of 5,(551),,$12.99,$0.46  / ea
Aveeno Skin Relief Moisturizing Lotion for Very Dry Skin Fragrance-Free  - 18 fl oz,Aveeno,4.5 out of 5,(525),,$14.99,$0.83  / oz
Diurex Max Caffeine-Free Water Pills  - 48 ea,Diurex,4.0 out of 5,(444),,2/$16.00or1/$9.49,
Walgreens Allergy Nasal Spray 120 Sprays  - .57 fl oz,Walgreens,4.5 out of 5,(189),,$16.99,$29.81  / oz
Vaseline Petroleum Jelly Original Original  - 7.5 oz,Vaseline,4.5 out of 5,(2907),,$5.99,$0.80  / oz
"Carmex Medicated Lip Balm Tubes, Lip Moisturizer for Chapped Lips  - 0.35 oz   x 3 pack",Carmex,4.5 out of 5,(66),,$5.29,$5.04  / oz
Sensodyne Repair And Protect Teeth Whitening Sensitive Toothpaste  - 3.4 oz,Sensodyne,4.0 out of 5,(6893),,$7.99,$2.35  / oz
Sensodyne Complete Protection Toothpaste For Sensitive Teeth  - 3.4 oz,Sensodyne,4.0 out of 5,(1626),,$7.99,$2.35  / oz
Old Spice Classic Men's Deodorant Stick Original  - 3.25 oz,Old Spice,4.0 out of 5,(256),,$5.79,$1.78  / oz
Walgreens Waxed Dental Tape Mint  - 50 yd,Walgreens,4.0 out of 5,(181),,$1.49,$0.03  / yd
Secret Outlast Invisible Solid Antiperspirant Deodorant Completely Clean  - 2.6 oz,Secret,4.5 out of 5,(7138),,$8.99,$3.46  / oz
"Pamprin Maximum Strength Multi-Symptom, Menstrual Period Symptoms Relief  - 40 ea",Pamprin Maximum Strength,4.5 out of 5,(57),old price$8.79strike through,$7.99$7.99,$0.20/ ea
"Ivory Bar Soap Original, 10 bars - 4 oz each  - 4 oz   x 10 pack",Ivory,4.5 out of 5,(98),,$9.99,$0.25  / oz
DenTek Fresh Clean Floss Picks Mouthwash Blast Mint  - 75 ea,DenTek,4.5 out of 5,(568),,$3.99,$0.05  / ea
Gillette Foamy Foamy Sensitive Skin Shave Foam  - 11 oz,Gillette Foamy,4.5 out of 5,(265),,$3.49,
Walgreens Super Maxi Wingless Pads Super  - 24 ea,Walgreens,4.5 out of 5,(166),old price$3.49strike through,$2.61$2.61,$0.11/ ea
Gillette Venus Women's Razor Handle + Blade Refills White Tea Pink  - 1 set,Gillette Venus,4.0 out of 5,(1086),,$11.49,$11.49  / ea
Walgreens Certainty Women's ComfortLux Underwear X-Large Blush  - 28 ea,Walgreens Certainty,4.0 out of 5,(178),old price$18.99strike through,2/$32.00or1/$18.992/$32.00or1/$18.99,$0.68/ ea
Colgate Toothpaste Clean Mint (Packaging May Vary) - 4.8 oz,Colgate,3.5 out of 5,(932),old price$6.29strike through,$5.00$5.00,$1.04/ oz
Yardley of London Nourishing Bath Bar Oatmeal & Almond  - 4 oz,Yardley of London,4.5 out of 5,(3918),,$2.29,$0.57  / oz
TRESemme Extra Hold Alcohol-Free Gel Extra Hold  - 9 oz,TRESemme,4.0 out of 5,(787),,$7.99,
Aveeno Daily Moisturizing Lotion with Oat for Dry Skin  - 2.5 oz,Aveeno,4.5 out of 5,(3433),,$4.29,$1.72  / oz
ACT Kids Anticavity Fluoride Mouthwash Bubble Gum Blowout  - 16.9 fl oz,ACT,4.5 out of 5,(539),,$4.79,$0.28  / oz
U by Kotex Clean & Secure Overnight Maxi Pads with Wings Unscented  - 14 ea,U by Kotex,4.0 out of 5,(403),,$6.79,$0.48  / ea
St. Ives Blackhead Clearing Face Scrub Green Tea & Bamboo  - 6 oz,St. Ives,4.0 out of 5,(668),,$5.79,$0.96  / oz
La Roche-Posay Anthelios Melt-in Milk Body and Face Sunscreen Lotion SPF 100  - 3 fl oz,La Roche-Posay,4.5 out of 5,(588),,$26.99,$8.88  / oz
"G-U-M Soft-Picks Original, Dental Floss Picks  - 100 ea",G-U-M,4.5 out of 5,(108),,$7.49,$0.07  / ea
Olay Ribbons Moisture Ribbons Plus Body Wash Shea + Lavender Oil  - 18 fl oz,Olay Ribbons,4.5 out of 5,(192),old price$8.29strike through,$7.00$7.00,$0.39/ oz
Biotrue Travel Pack  - 2 oz,Biotrue,4.5 out of 5,(41),,2/$6.00or1/$3.99,$2.00  / oz
"Gold Bond Therapeutic Foot Cream, With Jojoba & Peppermint Oil  - 4 oz",Gold Bond,4.5 out of 5,(297),,$9.49,
Walgreens Sugar-Free Cough Drops Honey Lemon  - 25 ea,Walgreens,4.5 out of 5,(181),old price$2.49strike through,3/$5.00or1/$1.993/$5.00or1/$1.99,$0.08/ ea
Lubriderm Full Body Lotion Fragrance-Free  - 16 fl oz,Lubriderm,4.5 out of 5,(1094),,$11.99,$0.75  / oz
TRESemme Anti-Frizz Conditioner Smooth and Silky  - 28 fl oz,TRESemme,4.5 out of 5,(274),,$7.29,$0.26  / oz
Vaseline Advanced Repair Body Lotion Unscented  - 20.3 fl oz,Vaseline,4.5 out of 5,(104),,$9.79,$0.48  / oz
"Olay Complete Cream, All Day Moisturizer with SPF 15 for Normal Skin  - 2 oz",Olay Complete,4.5 out of 5,(380),,$11.49,$5.75  / oz
ACT Restoring Anticavity Fluoride Mouthwash Cool Mint  - 33.8 fl oz,ACT,4.5 out of 5,(194),,$8.49,$0.26  / oz
Nexxus Sulfate-Free Shampoo with ProteinFusion  - 13.5 fl oz,Nexxus,4.0 out of 5,(2277),,$17.99,$1.33  / oz
Listerine Pocketpaks Fresh Breath Strips Mint  - 24 ea   x 3 pack,Listerine,4.5 out of 5,(1077),,$6.29,$0.09  / ea
Nexxus Clarifying Shampoo With ProteinFusion  - 13.5 fl oz,Nexxus,4.5 out of 5,(388),,$17.99,$1.33  / oz
Suave Antiperspirant Deodorant Fresh  - 2.6 oz,Suave,4.0 out of 5,(550),,$3.99,$1.53  / oz
"Aveeno Skin Relief Body Wash, Sensitive Skin Fragrance-Free  - 18 fl oz",Aveeno,3.5 out of 5,(507),old price$11.99strike through,$9.59$9.59,$0.53/ oz
L. Cotton Tampons Regular Absorbency No scent  - 30 ea,L.,4.5 out of 5,(3668),,$14.49,$0.48  / ea
Dove Men+Care Body and Face Wash Hydrating Clean Comfort  - 18 fl oz,Dove Men+Care,4.5 out of 5,(1161),old price$7.99strike through,$7.00$7.00,$0.39/ oz
Oral-B Advanced Whitening Manual Toothbrush Soft  - 1 ea,Oral-B,4.5 out of 5,(577),old price$4.49strike through,$3.50$3.50,$3.50/ ea
Afrin No Drip Extra Moisturizing Nasal Pump Mist  - 0.5 fl oz,Afrin,4.0 out of 5,(342),,$12.99,$25.98  / oz
Eucerin Skin Calming Daily Moisturizing Creme  - 14 oz,Eucerin,3.5 out of 5,(228),,$14.99,$1.07  / oz
Vaseline Petroleum Jelly Cocoa Butter Cocoa Butter  - 7.5 oz,Vaseline,4.5 out of 5,(573),,$5.99,$0.80  / oz
Lubriderm Daily Moisture Lotion Fragrance-Free  - 24 fl oz,Lubriderm Daily Moisture,4.5 out of 5,(697),,$15.99,$0.67  / oz
Biotene Moisturizing Oral Rinse Mouthwash Fresh Mint  - 33.8 fl oz,Biotene,4.0 out of 5,(991),,$12.49,$0.37  / oz
Vicks Vapocool Sore Throat Spray Winterfrost  - 6 fl oz,Vicks,4.0 out of 5,(133),,$11.99,$2.00  / oz
Garnier Fructis Color Shield Anti-Fade Conditioner for Color-Treated Hair  - 12 fl oz,Garnier Fructis Color Shield,3.5 out of 5,(1077),,$5.49,$0.46  / oz
"Carefree Thong Panty Liners, Unwrapped Unscented, Thong (49 ct) (Actual Item May Vary) - 49 ea",Carefree,4.0 out of 5,(120),,$5.49,$0.11  / ea
U by Kotex Balance Daily Wrapped Panty Liners Long  - 90 ea,U by Kotex,4.5 out of 5,(312),,$9.99,$0.11  / ea
Dove Men+Care Antiperspirant Deodorant Clean Comfort  - 3.8 oz,Dove Men+Care,4.0 out of 5,(1911),old price$9.99strike through,$9.00$9.00,$2.37/ oz
Dove Beauty Bar Soap Shea Butter  - 3.75 oz   x 6 pack,Dove,4.5 out of 5,(2420),old price$11.49strike through,$10.00$10.00,$0.44/ oz
Cetaphil Deep Cleansing Bars  - 4.5 oz   x 3 pack,Cetaphil,4.5 out of 5,(396),,$11.99,$0.89  / oz
"Carmex Medicated Lip Balm Sticks, Lip Moisturizer for Chapped Lips  - 0.15 oz   x 3 pack",Carmex,4.5 out of 5,(76),,$5.29,
"U by Kotex Balance Thong Liners Unscented, Regular (50 ct)  - 50 ea",U by Kotex,4.5 out of 5,(3001),,$6.99,$0.14  / ea
"La Roche-Posay Lipikar Lotion Daily Repair, Body and Face Moisturizer  - 13.52 fl oz",La Roche-Posay,4.5 out of 5,(789),,$17.99,$1.33  / oz
"L. Ultra Thin Pads for Women, 100% Pure Cotton Top Layer Pads with Wings Unscented, Super  - 42 ea",L.,4.5 out of 5,(782),,$14.49,$0.35  / ea
